Date,Price
2024-12-31,"93,780.0"
2024-12-30,"92,982.0"
2024-12-29,"93,944.0"
2024-12-28,"95,533.0"
2024-12-27,"94,419.0"
2024-12-26,"95,883.0"
2024-12-25,"99,420.0"
2024-12-24,"98,750.0"
2024-12-23,"94,918.0"
2024-12-22,"95,201.0"
2024-12-21,"97,289.0"
2024-12-20,"97,857.0"
2024-12-19,"97,515.0"
2024-12-18,"100,230.0"
2024-12-17,"105,990.0"
2024-12-16,"105,870.0"
2024-12-15,"104,340.0"
2024-12-14,"101,320.0"
2024-12-13,"101,370.0"
2024-12-12,"100,010.0"
2024-12-11,"101,100.0"
2024-12-10,"96,650.0"
2024-12-09,"97,500.0"
2024-12-08,"101,240.0"
2024-12-07,"99,936.0"
2024-12-06,"99,786.0"
2024-12-05,"96,833.0"
2024-12-04,"98,709.0"
2024-12-03,"96,065.0"
2024-12-02,"95,925.0"
2024-12-01,"97,365.0"
2024-11-30,"96,506.0"
2024-11-29,"97,564.0"
2024-11-28,"95,761.0"
2024-11-27,"95,953.0"
2024-11-26,"92,082.0"
2024-11-25,"93,133.0"
2024-11-24,"97,828.0"
2024-11-23,"97,538.0"
2024-11-22,"98,683.0"
2024-11-21,"98,348.0"
2024-11-20,"94,243.0"
2024-11-19,"92,172.0"
2024-11-18,"90,535.0"
2024-11-17,"89,843.0"
2024-11-16,"90,538.0"
2024-11-15,"91,015.0"
2024-11-14,"87,305.0"
2024-11-13,"90,453.0"
2024-11-12,"88,007.0"
2024-11-11,"88,566.0"
2024-11-10,"80,367.0"
2024-11-09,"76,703.0"
2024-11-08,"76,496.0"
2024-11-07,"75,864.0"
2024-11-06,"75,580.0"
2024-11-05,"69,450.0"
2024-11-04,"67,858.0"
2024-11-03,"68,807.0"
2024-11-02,"69,292.0"
2024-11-01,"69,590.0"
2024-10-31,"70,299.0"
2024-10-30,"72,455.0"
2024-10-29,"72,688.0"
2024-10-28,"69,989.0"
2024-10-27,"68,035.0"
2024-10-26,"67,081.0"
2024-10-25,"66,734.0"
2024-10-24,"68,188.0"
2024-10-23,"66,695.0"
2024-10-22,"67,405.0"
2024-10-21,"67,425.0"
2024-10-20,"69,045.0"
2024-10-19,"68,360.0"
2024-10-18,"68,368.0"
2024-10-17,"67,453.0"
2024-10-16,"67,657.0"
2024-10-15,"67,123.0"
2024-10-14,"66,179.0"
2024-10-13,"62,986.0"
2024-10-12,"63,335.0"
2024-10-11,"62,581.0"
2024-10-10,"60,337.0"
2024-10-09,"60,650.0"
2024-10-08,"62,231.0"
2024-10-07,"62,269.0"
2024-10-06,"62,894.0"
2024-10-05,"62,138.0"
2024-10-04,"62,191.0"
2024-10-03,"60,892.0"
2024-10-02,"60,785.0"
2024-10-01,"60,981.0"
2024-09-30,"63,468.0"
2024-09-29,"65,762.0"
2024-09-28,"66,015.0"
2024-09-27,"65,928.0"
2024-09-26,"65,307.0"
2024-09-25,"63,264.0"
2024-09-24,"64,381.0"
2024-09-23,"63,456.0"
2024-09-22,"63,663.0"
2024-09-21,"63,416.0"
2024-09-20,"63,205.0"
2024-09-19,"63,032.0"
2024-09-18,"61,841.0"
2024-09-17,"60,435.0"
2024-09-16,"58,342.0"
2024-09-15,"59,296.0"
2024-09-14,"60,139.0"
2024-09-13,"60,645.0"
2024-09-12,"58,287.0"
2024-09-11,"57,451.0"
2024-09-10,"57,758.0"
2024-09-09,"57,110.0"
2024-09-08,"55,016.0"
2024-09-07,"54,309.0"
2024-09-06,"54,133.0"
2024-09-05,"56,318.0"
2024-09-04,"58,116.0"
2024-09-03,"57,680.0"
2024-09-02,"59,308.0"
2024-09-01,"57,454.0"
2024-08-31,"59,155.0"
2024-08-30,"59,300.0"
2024-08-29,"59,542.0"
2024-08-28,"59,145.0"
2024-08-27,"59,570.0"
2024-08-26,"62,974.0"
2024-08-25,"64,361.0"
2024-08-24,"64,230.0"
2024-08-23,"64,151.0"
2024-08-22,"60,483.0"
2024-08-21,"61,252.0"
2024-08-20,"59,172.0"
2024-08-19,"59,609.0"
2024-08-18,"58,543.0"
2024-08-17,"59,589.0"
2024-08-16,"58,996.0"
2024-08-15,"57,594.0"
2024-08-14,"58,777.0"
2024-08-13,"60,666.0"
2024-08-12,"59,440.0"
2024-08-11,"58,817.0"
2024-08-10,"61,018.0"
2024-08-09,"60,970.0"
2024-08-08,"61,801.0"
2024-08-07,"55,179.0"
2024-08-06,"56,187.0"
2024-08-05,"54,169.0"
2024-08-04,"58,203.0"
2024-08-03,"60,825.0"
2024-08-02,"61,529.0"
2024-08-01,"65,465.0"
2024-07-31,"64,724.0"
2024-07-30,"66,349.0"
2024-07-29,"66,933.0"
2024-07-28,"68,419.0"
2024-07-27,"68,019.0"
2024-07-26,"68,061.0"
2024-07-25,"65,849.0"
2024-07-24,"65,482.0"
2024-07-23,"66,101.0"
2024-07-22,"67,714.0"
2024-07-21,"68,263.0"
2024-07-20,"67,239.0"
2024-07-19,"66,789.0"
2024-07-18,"64,048.0"
2024-07-17,"64,204.0"
2024-07-16,"65,188.0"
2024-07-15,"64,882.0"
2024-07-14,"60,946.0"
2024-07-13,"59,382.0"
2024-07-12,"58,049.0"
2024-07-11,"57,458.0"
2024-07-10,"57,931.0"
2024-07-09,"58,205.0"
2024-07-08,"56,873.0"
2024-07-07,"56,050.0"
2024-07-06,"58,326.0"
2024-07-05,"56,759.0"
2024-07-04,"57,118.0"
2024-07-03,"60,314.0"
2024-07-02,"62,219.0"
2024-07-01,"62,965.0"
2024-06-30,"62,867.0"
2024-06-29,"61,087.0"
2024-06-28,"60,546.0"
2024-06-27,"61,803.0"
2024-06-26,"60,923.0"
2024-06-25,"61,878.0"
2024-06-24,"60,372.0"
2024-06-23,"63,292.0"
2024-06-22,"64,370.0"
2024-06-21,"64,234.0"
2024-06-20,"65,000.0"
2024-06-19,"65,071.0"
2024-06-18,"65,250.0"
2024-06-17,"66,570.0"
2024-06-16,"66,677.0"
2024-06-15,"66,229.0"
2024-06-14,"66,038.0"
2024-06-13,"66,776.0"
2024-06-12,"68,266.0"
2024-06-11,"67,331.0"
2024-06-10,"69,528.0"
2024-06-09,"69,646.0"
2024-06-08,"69,338.0"
2024-06-07,"69,403.0"
2024-06-06,"70,836.0"
2024-06-05,"71,101.0"
2024-06-04,"70,604.0"
2024-06-03,"68,859.0"
2024-06-02,"67,816.0"
2024-06-01,"67,759.0"
2024-05-31,"67,582.0"
2024-05-30,"68,413.0"
2024-05-29,"67,720.0"
2024-05-28,"68,434.0"
2024-05-27,"69,492.0"
2024-05-26,"68,585.0"
2024-05-25,"69,334.0"
2024-05-24,"68,604.0"
2024-05-23,"68,058.0"
2024-05-22,"69,225.0"
2024-05-21,"70,148.0"
2024-05-20,"71,428.0"
2024-05-19,"66,339.0"
2024-05-18,"66,995.0"
2024-05-17,"67,182.0"
2024-05-16,"65,314.0"
2024-05-15,"66,320.0"
2024-05-14,"61,668.0"
2024-05-13,"62,986.0"
2024-05-12,"61,612.0"
2024-05-11,"60,929.0"
2024-05-10,"60,807.0"
2024-05-09,"63,209.0"
2024-05-08,"61,343.0"
2024-05-07,"62,432.0"
2024-05-06,"63,280.0"
2024-05-05,"64,173.0"
2024-05-04,"63,983.0"
2024-05-03,"62,978.0"
2024-05-02,"59,247.0"
2024-05-01,"58,457.0"
2024-04-30,"60,836.0"
2024-04-29,"63,960.0"
2024-04-28,"63,226.0"
2024-04-27,"63,574.0"
2024-04-26,"63,874.0"
2024-04-25,"64,555.0"
2024-04-24,"64,345.0"
2024-04-23,"66,458.0"
2024-04-22,"66,894.0"
2024-04-21,"64,992.0"
2024-04-20,"65,045.0"
2024-04-19,"63,867.0"
2024-04-18,"63,529.0"
2024-04-17,"61,375.0"
2024-04-16,"63,874.0"
2024-04-15,"63,488.0"
2024-04-14,"65,793.0"
2024-04-13,"64,039.0"
2024-04-12,"67,061.0"
2024-04-11,"70,104.0"
2024-04-10,"70,688.0"
2024-04-09,"69,164.0"
2024-04-08,"71,675.0"
2024-04-07,"69,343.0"
2024-04-06,"68,880.0"
2024-04-05,"67,819.0"
2024-04-04,"68,518.0"
2024-04-03,"65,967.0"
2024-04-02,"65,495.0"
2024-04-01,"69,691.0"
2024-03-31,"71,402.0"
2024-03-30,"69,683.0"
2024-03-29,"69,862.0"
2024-03-28,"70,776.0"
2024-03-27,"69,467.0"
2024-03-26,"70,011.0"
2024-03-25,"69,824.0"
2024-03-24,"67,283.0"
2024-03-23,"64,069.0"
2024-03-22,"63,828.0"
2024-03-21,"65,577.0"
2024-03-20,"67,912.0"
2024-03-19,"62,072.0"
2024-03-18,"67,606.0"
2024-03-17,"68,456.0"
2024-03-16,"65,304.0"
2024-03-15,"69,457.0"
2024-03-14,"71,364.0"
2024-03-13,"72,974.0"
2024-03-12,"71,237.0"
2024-03-11,"71,937.0"
2024-03-10,"68,948.0"
2024-03-09,"68,205.0"
2024-03-08,"68,018.0"
2024-03-07,"66,744.0"
2024-03-06,"66,073.0"
2024-03-05,"63,818.0"
2024-03-04,"68,110.0"
2024-03-03,"63,121.0"
2024-03-02,"61,962.0"
2024-03-01,"62,346.0"
2024-02-29,"61,148.0"
2024-02-28,"62,380.0"
2024-02-27,"56,998.0"
2024-02-26,"54,417.0"
2024-02-25,"51,716.0"
2024-02-24,"51,630.0"
2024-02-23,"50,734.0"
2024-02-22,"51,287.0"
2024-02-21,"51,856.0"
2024-02-20,"52,168.0"
2024-02-19,"51,732.0"
2024-02-18,"52,061.0"
2024-02-17,"51,631.0"
2024-02-16,"52,130.0"
2024-02-15,"51,893.0"
2024-02-14,"51,778.0"
2024-02-13,"49,777.0"
2024-02-12,"49,947.0"
2024-02-11,"48,321.0"
2024-02-10,"47,800.0"
2024-02-09,"47,150.0"
2024-02-08,"45,279.0"
2024-02-07,"44,328.0"
2024-02-06,"43,101.0"
2024-02-05,"42,707.0"
2024-02-04,"42,583.0"
2024-02-03,"43,004.0"
2024-02-02,"43,201.0"
2024-02-01,"43,088.0"
2024-01-31,"42,594.0"
2024-01-30,"42,956.0"
2024-01-29,"43,301.0"
2024-01-28,"42,047.0"
2024-01-27,"42,125.0"
2024-01-26,"41,821.0"
2024-01-25,"40,001.0"
2024-01-24,"40,140.0"
2024-01-23,"39,938.0"
2024-01-22,"39,599.0"
2024-01-21,"41,679.0"
2024-01-20,"41,778.0"
2024-01-19,"41,719.0"
2024-01-18,"41,337.0"
2024-01-17,"42,778.0"
2024-01-16,"43,163.0"
2024-01-15,"42,508.0"
2024-01-14,"41,737.0"
2024-01-13,"42,847.0"
2024-01-12,"42,831.0"
2024-01-11,"46,377.0"
2024-01-10,"46,636.0"
2024-01-09,"46,113.0"
2024-01-08,"46,941.0"
2024-01-07,"43,960.0"
2024-01-06,"44,005.0"
2024-01-05,"44,189.0"
2024-01-04,"44,221.0"
2024-01-03,"42,869.0"
2024-01-02,"44,991.0"
2024-01-01,"44,175.0"
2023-12-31,"42,323.0"
2023-12-30,"42,199.0"
2023-12-29,"42,139.0"
2023-12-28,"42,617.0"
2023-12-27,"43,476.0"
2023-12-26,"42,568.0"
2023-12-25,"43,641.0"
2023-12-24,"43,026.0"
2023-12-23,"43,801.0"
2023-12-22,"44,038.0"
2023-12-21,"43,890.0"
2023-12-20,"43,662.0"
2023-12-19,"42,315.0"
2023-12-18,"42,672.0"
2023-12-17,"41,406.0"
2023-12-16,"42,328.0"
2023-12-15,"41,961.0"
2023-12-14,"43,064.0"
2023-12-13,"42,924.0"
2023-12-12,"41,501.0"
2023-12-11,"41,287.0"
2023-12-10,"43,809.0"
2023-12-09,"43,749.0"
2023-12-08,"44,173.0"
2023-12-07,"43,290.0"
2023-12-06,"43,814.0"
2023-12-05,"44,112.0"
2023-12-04,"41,942.0"
2023-12-03,"39,940.0"
2023-12-02,"39,438.0"
2023-12-01,"38,676.0"
2023-11-30,"37,723.0"
2023-11-29,"37,834.0"
2023-11-28,"37,815.0"
2023-11-27,"37,263.0"
2023-11-26,"37,443.0"
2023-11-25,"37,782.0"
2023-11-24,"37,704.0"
2023-11-23,"37,280.0"
2023-11-22,"37,407.0"
2023-11-21,"35,794.0"
2023-11-20,"37,451.0"
2023-11-19,"37,368.0"
2023-11-18,"36,581.0"
2023-11-17,"36,631.0"
2023-11-16,"36,161.0"
2023-11-15,"37,865.0"
2023-11-14,"35,542.0"
2023-11-13,"36,511.0"
2023-11-12,"37,042.0"
2023-11-11,"37,141.0"
2023-11-10,"37,301.0"
2023-11-09,"36,699.0"
2023-11-08,"35,641.0"
2023-11-07,"35,455.0"
2023-11-06,"35,053.0"
2023-11-05,"35,064.0"
2023-11-04,"35,100.0"
2023-11-03,"34,751.0"
2023-11-02,"34,944.0"
2023-11-01,"35,447.0"
2023-10-31,"34,669.0"
2023-10-30,"34,490.0"
2023-10-29,"34,551.0"
2023-10-28,"34,104.0"
2023-10-27,"33,942.0"
2023-10-26,"34,184.0"
2023-10-25,"34,504.0"
2023-10-24,"33,943.0"
2023-10-23,"33,069.0"
2023-10-22,"30,023.0"
2023-10-21,"29,922.0"
2023-10-20,"29,689.0"
2023-10-19,"28,745.0"
2023-10-18,"28,332.0"
2023-10-17,"28,410.0"
2023-10-16,"28,524.0"
2023-10-15,"27,168.0"
2023-10-14,"26,871.0"
2023-10-13,"26,875.0"
2023-10-12,"26,795.0"
2023-10-11,"26,894.0"
2023-10-10,"27,414.0"
2023-10-09,"27,617.0"
2023-10-08,"27,929.0"
2023-10-07,"27,967.0"
2023-10-06,"27,942.0"
2023-10-05,"27,418.0"
2023-10-04,"27,805.0"
2023-10-03,"27,431.0"
2023-10-02,"27,526.0"
2023-10-01,"28,008.0"
2023-09-30,"26,980.0"
2023-09-29,"26,929.0"
2023-09-28,"27,046.0"
2023-09-27,"26,391.0"
2023-09-26,"26,244.0"
2023-09-25,"26,330.0"
2023-09-24,"26,299.0"
2023-09-23,"26,609.0"
2023-09-22,"26,606.0"
2023-09-21,"26,594.0"
2023-09-20,"27,149.0"
2023-09-19,"27,244.0"
2023-09-18,"26,788.0"
2023-09-17,"26,547.0"
2023-09-16,"26,576.0"
2023-09-15,"26,625.0"
2023-09-14,"26,544.0"
2023-09-13,"26,238.0"
2023-09-12,"25,851.0"
2023-09-11,"25,183.0"
2023-09-10,"25,860.0"
2023-09-09,"25,910.0"
2023-09-08,"25,918.0"
2023-09-07,"26,264.0"
2023-09-06,"25,783.0"
2023-09-05,"25,793.0"
2023-09-04,"25,823.0"
2023-09-03,"25,980.0"
2023-09-02,"25,870.0"
2023-09-01,"25,816.0"
2023-08-31,"25,967.0"
2023-08-30,"27,325.0"
2023-08-29,"27,752.0"
2023-08-28,"26,147.0"
2023-08-27,"26,121.0"
2023-08-26,"26,045.0"
2023-08-25,"26,079.0"
2023-08-24,"26,199.0"
2023-08-23,"26,461.0"
2023-08-22,"26,057.0"
2023-08-21,"26,144.0"
2023-08-20,"26,215.0"
2023-08-19,"26,115.0"
2023-08-18,"26,066.0"
2023-08-17,"26,661.0"
2023-08-16,"28,730.0"
2023-08-15,"29,200.0"
2023-08-14,"29,445.0"
2023-08-13,"29,314.0"
2023-08-12,"29,445.0"
2023-08-11,"29,434.0"
2023-08-10,"29,458.0"
2023-08-09,"29,597.0"
2023-08-08,"29,796.0"
2023-08-07,"29,223.0"
2023-08-06,"29,095.0"
2023-08-05,"29,075.0"
2023-08-04,"29,119.0"
2023-08-03,"29,206.0"
2023-08-02,"29,197.0"
2023-08-01,"29,746.0"
2023-07-31,"29,273.0"
2023-07-30,"29,315.0"
2023-07-29,"29,402.0"
2023-07-28,"29,365.0"
2023-07-27,"29,256.0"
2023-07-26,"29,390.0"
2023-07-25,"29,272.0"
2023-07-24,"29,224.0"
2023-07-23,"30,122.0"
2023-07-22,"29,811.0"
2023-07-21,"29,942.0"
2023-07-20,"29,839.0"
2023-07-19,"29,939.0"
2023-07-18,"29,888.0"
2023-07-17,"30,172.0"
2023-07-16,"30,260.0"
2023-07-15,"30,310.0"
2023-07-14,"30,343.0"
2023-07-13,"31,500.0"
2023-07-12,"30,428.0"
2023-07-11,"30,654.0"
2023-07-10,"30,445.0"
2023-07-09,"30,188.0"
2023-07-08,"30,318.0"
2023-07-07,"30,370.0"
2023-07-06,"29,942.0"
2023-07-05,"30,532.0"
2023-07-04,"30,782.0"
2023-07-03,"31,176.0"
2023-07-02,"30,663.0"
2023-07-01,"30,607.0"
2023-06-30,"30,500.0"
2023-06-29,"30,471.0"
2023-06-28,"30,094.0"
2023-06-27,"30,711.0"
2023-06-26,"30,287.0"
2023-06-25,"30,485.0"
2023-06-24,"30,556.0"
2023-06-23,"30,708.0"
2023-06-22,"29,920.0"
2023-06-21,"30,013.0"
2023-06-20,"28,325.0"
2023-06-19,"26,866.0"
2023-06-18,"26,358.0"
2023-06-17,"26,535.0"
2023-06-16,"26,357.0"
2023-06-15,"25,611.0"
2023-06-14,"25,146.0"
2023-06-13,"25,941.0"
2023-06-12,"25,933.0"
2023-06-11,"25,953.0"
2023-06-10,"25,870.0"
2023-06-09,"26,502.0"
2023-06-08,"26,526.0"
2023-06-07,"26,365.0"
2023-06-06,"27,233.0"
2023-06-05,"25,730.0"
2023-06-04,"27,126.0"
2023-06-03,"27,077.0"
2023-06-02,"27,254.0"
2023-06-01,"26,833.0"
2023-05-31,"27,220.0"
2023-05-30,"27,723.0"
2023-05-29,"27,772.0"
2023-05-28,"28,096.0"
2023-05-27,"26,885.0"
2023-05-26,"26,737.0"
2023-05-25,"26,498.0"
2023-05-24,"26,344.0"
2023-05-23,"27,243.0"
2023-05-22,"26,869.0"
2023-05-21,"26,760.0"
2023-05-20,"27,126.0"
2023-05-19,"26,911.0"
2023-05-18,"26,862.0"
2023-05-17,"27,425.0"
2023-05-16,"27,054.0"
2023-05-15,"27,190.0"
2023-05-14,"26,937.0"
2023-05-13,"26,790.0"
2023-05-12,"26,818.0"
2023-05-11,"27,016.0"
2023-05-10,"27,622.0"
2023-05-09,"27,668.0"
2023-05-08,"27,701.0"
2023-05-07,"28,464.0"
2023-05-06,"28,909.0"
2023-05-05,"29,526.0"
2023-05-04,"28,844.0"
2023-05-03,"29,037.0"
2023-05-02,"28,679.0"
2023-05-01,"28,106.0"
2023-04-30,"29,255.0"
2023-04-29,"29,253.0"
2023-04-28,"29,338.0"
2023-04-27,"29,479.0"
2023-04-26,"28,433.0"
2023-04-25,"28,324.0"
2023-04-24,"27,522.0"
2023-04-23,"27,613.0"
2023-04-22,"27,826.0"
2023-04-21,"27,287.0"
2023-04-20,"28,248.0"
2023-04-19,"28,826.0"
2023-04-18,"30,392.0"
2023-04-17,"29,434.0"
2023-04-16,"30,285.0"
2023-04-15,"30,280.0"
2023-04-14,"30,462.0"
2023-04-13,"30,389.0"
2023-04-12,"29,876.0"
2023-04-11,"30,190.0"
2023-04-10,"29,614.0"
2023-04-09,"28,320.0"
2023-04-08,"27,901.0"
2023-04-07,"27,889.0"
2023-04-06,"28,018.0"
2023-04-05,"28,153.0"
2023-04-04,"28,153.0"
2023-04-03,"27,790.0"
2023-04-02,"28,173.0"
2023-04-01,"28,443.0"
2023-03-31,"28,460.0"
2023-03-30,"28,017.0"
2023-03-29,"28,344.0"
2023-03-28,"27,265.0"
2023-03-27,"27,129.0"
2023-03-26,"27,986.0"
2023-03-25,"27,482.0"
2023-03-24,"27,458.0"
2023-03-23,"28,304.0"
2023-03-22,"27,263.0"
2023-03-21,"28,112.0"
2023-03-20,"27,712.0"
2023-03-19,"27,936.0"
2023-03-18,"26,913.0"
2023-03-17,"27,350.0"
2023-03-16,"25,057.0"
2023-03-15,"24,321.0"
2023-03-14,"24,744.0"
2023-03-13,"24,187.0"
2023-03-12,"22,079.0"
2023-03-11,"20,538.0"
2023-03-10,"20,201.0"
2023-03-09,"20,378.0"
2023-03-08,"21,712.0"
2023-03-07,"22,209.0"
2023-03-06,"22,404.0"
2023-03-05,"22,431.0"
2023-03-04,"22,346.0"
2023-03-03,"22,363.0"
2023-03-02,"23,472.0"
2023-03-01,"23,646.0"
2023-02-28,"23,134.0"
2023-02-27,"23,504.0"
2023-02-26,"23,560.0"
2023-02-25,"23,177.0"
2023-02-24,"23,201.0"
2023-02-23,"23,947.0"
2023-02-22,"24,186.0"
2023-02-21,"24,460.0"
2023-02-20,"24,831.0"
2023-02-19,"24,294.0"
2023-02-18,"24,633.0"
2023-02-17,"24,579.0"
2023-02-16,"23,535.0"
2023-02-15,"24,318.0"
2023-02-14,"22,198.0"
2023-02-13,"21,773.0"
2023-02-12,"21,796.0"
2023-02-11,"21,866.0"
2023-02-10,"21,643.0"
2023-02-09,"21,800.0"
2023-02-08,"22,959.0"
2023-02-07,"23,251.0"
2023-02-06,"22,755.0"
2023-02-05,"22,936.0"
2023-02-04,"23,315.0"
2023-02-03,"23,433.0"
2023-02-02,"23,485.0"
2023-02-01,"23,723.0"
2023-01-31,"23,135.0"
2023-01-30,"22,837.0"
2023-01-29,"23,746.0"
2023-01-28,"23,029.0"
2023-01-27,"23,067.0"
2023-01-26,"23,004.0"
2023-01-25,"23,045.0"
2023-01-24,"22,627.0"
2023-01-23,"22,910.0"
2023-01-22,"22,713.0"
2023-01-21,"22,766.0"
2023-01-20,"22,672.0"
2023-01-19,"21,080.0"
2023-01-18,"20,678.0"
2023-01-17,"21,136.0"
2023-01-16,"21,196.0"
2023-01-15,"20,882.0"
2023-01-14,"20,963.0"
2023-01-13,"19,933.0"
2023-01-12,"18,857.0"
2023-01-11,"17,946.0"
2023-01-10,"17,445.0"
2023-01-09,"17,188.0"
2023-01-08,"17,139.0"
2023-01-07,"16,958.0"
2023-01-06,"16,967.0"
2023-01-05,"16,842.0"
2023-01-04,"16,868.0"
2023-01-03,"16,689.0"
2023-01-02,"16,690.0"
2023-01-01,"16,643.0"
2022-12-31,"16,564.0"
2022-12-30,"16,618.0"
2022-12-29,"16,658.0"
2022-12-28,"16,558.0"
2022-12-27,"16,719.0"
2022-12-26,"16,946.0"
2022-12-25,"16,847.0"
2022-12-24,"16,864.0"
2022-12-23,"16,802.0"
2022-12-22,"16,838.0"
2022-12-21,"16,845.0"
2022-12-20,"16,925.0"
2022-12-19,"16,448.0"
2022-12-18,"16,757.0"
2022-12-17,"16,793.0"
2022-12-16,"16,642.0"
2022-12-15,"17,372.0"
2022-12-14,"17,810.0"
2022-12-13,"17,785.0"
2022-12-12,"17,228.0"
2022-12-11,"17,109.0"
2022-12-10,"17,132.0"
2022-12-09,"17,135.0"
2022-12-08,"17,246.0"
2022-12-07,"16,844.0"
2022-12-06,"17,096.0"
2022-12-05,"16,974.0"
2022-12-04,"17,128.0"
2022-12-03,"16,890.0"
2022-12-02,"17,091.0"
2022-12-01,"16,980.0"
2022-11-30,"17,182.0"
2022-11-29,"16,452.0"
2022-11-28,"16,215.0"
2022-11-27,"16,432.0"
2022-11-26,"16,459.0"
2022-11-25,"16,519.0"
2022-11-24,"16,606.0"
2022-11-23,"16,619.0"
2022-11-22,"16,215.0"
2022-11-21,"15,766.0"
2022-11-20,"16,281.0"
2022-11-19,"16,695.0"
2022-11-18,"16,634.0"
2022-11-17,"16,705.0"
2022-11-16,"16,531.0"
2022-11-15,"16,886.0"
2022-11-14,"16,627.0"
2022-11-13,"16,345.0"
2022-11-12,"16,812.0"
2022-11-11,"17,045.0"
2022-11-10,"17,579.0"
2022-11-09,"15,907.0"
2022-11-08,"18,557.0"
2022-11-07,"20,610.0"
2022-11-06,"20,932.0"
2022-11-05,"21,313.0"
2022-11-04,"21,168.0"
2022-11-03,"20,223.0"
2022-11-02,"20,168.0"
2022-11-01,"20,500.0"
2022-10-31,"20,509.0"
2022-10-30,"20,647.0"
2022-10-29,"20,833.0"
2022-10-28,"20,611.0"
2022-10-27,"20,303.0"
2022-10-26,"20,788.0"
2022-10-25,"20,104.0"
2022-10-24,"19,340.0"
2022-10-23,"19,585.0"
2022-10-22,"19,219.0"
2022-10-21,"19,175.0"
2022-10-20,"19,057.0"
2022-10-19,"19,132.0"
2022-10-18,"19,334.0"
2022-10-17,"19,554.0"
2022-10-16,"19,269.0"
2022-10-15,"19,072.0"
2022-10-14,"19,187.0"
2022-10-13,"19,387.0"
2022-10-12,"19,158.0"
2022-10-11,"19,062.0"
2022-10-10,"19,128.0"
2022-10-09,"19,444.4"
2022-10-08,"19,418.0"
2022-10-07,"19,533.0"
2022-10-06,"19,957.0"
2022-10-05,"20,156.0"
2022-10-04,"20,340.0"
2022-10-03,"19,638.0"
2022-10-02,"19,066.0"
2022-10-01,"19,317.0"
2022-09-30,"19,430.0"
2022-09-29,"19,588.0"
2022-09-28,"19,419.0"
2022-09-27,"19,096.6"
2022-09-26,"19,229.5"
2022-09-25,"18,817.0"
2022-09-24,"18,935.0"
2022-09-23,"19,298.8"
2022-09-22,"19,413.0"
2022-09-21,"18,476.5"
2022-09-20,"18,886.6"
2022-09-19,"19,544.5"
2022-09-18,"19,424.0"
2022-09-17,"20,127.0"
2022-09-16,"19,809.9"
2022-09-15,"19,717.0"
2022-09-14,"20,231.0"
2022-09-13,"20,181.0"
2022-09-12,"22,395.0"
2022-09-11,"21,826.0"
2022-09-10,"21,648.0"
2022-09-09,"21,375.0"
2022-09-08,"19,322.0"
2022-09-07,"19,279.5"
2022-09-06,"18,790.0"
2022-09-05,"19,788.0"
2022-09-04,"20,002.0"
2022-09-03,"19,835.0"
2022-09-02,"19,973.0"
2022-09-01,"20,134.0"
2022-08-31,"20,058.0"
2022-08-30,"19,812.0"
2022-08-29,"20,308.0"
2022-08-28,"19,557.8"
2022-08-27,"20,036.0"
2022-08-26,"20,257.9"
2022-08-25,"21,563.1"
2022-08-24,"21,365.6"
2022-08-23,"21,527.0"
2022-08-22,"21,395.0"
2022-08-21,"21,510.0"
2022-08-20,"21,141.0"
2022-08-19,"20,839.0"
2022-08-18,"23,196.7"
2022-08-17,"23,335.0"
2022-08-16,"23,856.0"
2022-08-15,"24,094.0"
2022-08-14,"24,300.0"
2022-08-13,"24,425.0"
2022-08-12,"24,395.2"
2022-08-11,"23,931.5"
2022-08-10,"23,954.2"
2022-08-09,"23,141.0"
2022-08-08,"23,817.0"
2022-08-07,"23,177.9"
2022-08-06,"22,924.0"
2022-08-05,"23,311.0"
2022-08-04,"22,611.7"
2022-08-03,"22,813.9"
2022-08-02,"22,984.0"
2022-08-01,"23,259.0"
2022-07-31,"23,294.0"
2022-07-30,"23,639.0"
2022-07-29,"23,764.0"
2022-07-28,"23,851.6"
2022-07-27,"22,951.0"
2022-07-26,"21,271.0"
2022-07-25,"21,302.6"
2022-07-24,"22,579.2"
2022-07-23,"22,446.0"
2022-07-22,"22,675.9"
2022-07-21,"23,151.8"
2022-07-20,"23,209.0"
2022-07-19,"23,398.0"
2022-07-18,"22,476.0"
2022-07-17,"20,781.0"
2022-07-16,"21,224.0"
2022-07-15,"20,816.0"
2022-07-14,"20,578.0"
2022-07-13,"20,246.0"
2022-07-12,"19,310.5"
2022-07-11,"19,945.0"
2022-07-10,"20,854.6"
2022-07-09,"21,575.8"
2022-07-08,"21,600.0"
2022-07-07,"21,620.0"
2022-07-06,"20,557.1"
2022-07-05,"20,169.0"
2022-07-04,"20,224.0"
2022-07-03,"19,308.8"
2022-07-02,"19,230.0"
2022-07-01,"19,286.0"
2022-06-30,"19,938.0"
2022-06-29,"20,106.6"
2022-06-28,"20,267.0"
2022-06-27,"20,718.0"
2022-06-26,"21,067.0"
2022-06-25,"21,485.0"
2022-06-24,"21,229.0"
2022-06-23,"21,071.0"
2022-06-22,"19,943.0"
2022-06-21,"20,692.9"
2022-06-20,"20,554.1"
2022-06-19,"20,556.0"
2022-06-18,"18,978.0"
2022-06-17,"20,411.0"
2022-06-16,"20,394.0"
2022-06-15,"22,594.0"
2022-06-14,"22,172.0"
2022-06-13,"22,487.0"
2022-06-12,"26,670.0"
2022-06-11,"28,425.0"
2022-06-10,"29,103.0"
2022-06-09,"30,112.2"
2022-06-08,"30,230.0"
2022-06-07,"31,149.0"
2022-06-06,"31,371.0"
2022-06-05,"29,923.4"
2022-06-04,"29,877.0"
2022-06-03,"29,730.0"
2022-06-02,"30,478.0"
2022-06-01,"29,832.0"
2022-05-31,"31,792.0"
2022-05-30,"31,726.3"
2022-05-29,"29,476.0"
2022-05-28,"29,037.0"
2022-05-27,"28,609.0"
2022-05-26,"29,213.0"
2022-05-25,"29,524.0"
2022-05-24,"29,647.0"
2022-05-23,"29,091.0"
2022-05-22,"30,283.0"
2022-05-21,"29,439.0"
2022-05-20,"29,202.0"
2022-05-19,"30,329.0"
2022-05-18,"28,680.0"
2022-05-17,"30,442.0"
2022-05-16,"29,854.0"
2022-05-15,"31,319.0"
2022-05-14,"30,104.0"
2022-05-13,"29,306.0"
2022-05-12,"29,089.5"
2022-05-11,"29,095.0"
2022-05-10,"31,050.0"
2022-05-09,"30,158.0"
2022-05-08,"34,084.0"
2022-05-07,"35,508.0"
2022-05-06,"36,040.0"
2022-05-05,"36,577.0"
2022-05-04,"39,701.2"
2022-05-03,"37,751.0"
2022-05-02,"38,520.0"
2022-05-01,"38,496.1"
2022-04-30,"37,662.0"
2022-04-29,"38,600.0"
2022-04-28,"39,757.8"
2022-04-27,"39,263.0"
2022-04-26,"38,139.0"
2022-04-25,"40,456.0"
2022-04-24,"39,486.0"
2022-04-23,"39,446.7"
2022-04-22,"39,724.0"
2022-04-21,"40,502.0"
2022-04-20,"41,366.4"
2022-04-19,"41,516.8"
2022-04-18,"40,821.0"
2022-04-17,"39,707.6"
2022-04-16,"40,408.7"
2022-04-15,"40,587.0"
2022-04-14,"39,948.0"
2022-04-13,"41,155.0"
2022-04-12,"40,087.0"
2022-04-11,"39,565.0"
2022-04-10,"42,181.0"
2022-04-09,"42,780.0"
2022-04-08,"42,277.0"
2022-04-07,"43,458.0"
2022-04-06,"43,199.0"
2022-04-05,"45,481.0"
2022-04-04,"46,611.1"
2022-04-03,"46,383.0"
2022-04-02,"45,825.0"
2022-04-01,"46,301.0"
2022-03-31,"45,535.0"
2022-03-30,"47,035.0"
2022-03-29,"47,424.0"
2022-03-28,"47,105.0"
2022-03-27,"46,836.0"
2022-03-26,"44,536.4"
2022-03-25,"44,337.0"
2022-03-24,"44,003.0"
2022-03-23,"42,882.0"
2022-03-22,"42,370.0"
2022-03-21,"41,031.0"
2022-03-20,"41,249.0"
2022-03-19,"42,214.0"
2022-03-18,"41,774.0"
2022-03-17,"40,942.6"
2022-03-16,"41,148.0"
2022-03-15,"39,317.0"
2022-03-14,"39,717.0"
2022-03-13,"37,777.1"
2022-03-12,"38,816.3"
2022-03-11,"38,737.0"
2022-03-10,"39,458.5"
2022-03-09,"41,962.3"
2022-03-08,"38,757.0"
2022-03-07,"38,039.0"
2022-03-06,"38,437.0"
2022-03-05,"39,408.0"
2022-03-04,"39,171.0"
2022-03-03,"42,490.0"
2022-03-02,"43,952.0"
2022-03-01,"44,442.0"
2022-02-28,"43,202.0"
2022-02-27,"37,734.0"
2022-02-26,"39,125.0"
2022-02-25,"39,243.0"
2022-02-24,"38,380.0"
2022-02-23,"37,292.0"
2022-02-22,"38,299.0"
2022-02-21,"37,054.0"
2022-02-20,"38,420.0"
2022-02-19,"40,141.0"
2022-02-18,"40,037.0"
2022-02-17,"40,556.0"
2022-02-16,"43,885.0"
2022-02-15,"44,559.9"
2022-02-14,"42,559.9"
2022-02-13,"42,091.0"
2022-02-12,"42,239.1"
2022-02-11,"42,418.0"
2022-02-10,"43,545.0"
2022-02-09,"44,432.0"
2022-02-08,"44,060.5"
2022-02-07,"43,865.0"
2022-02-06,"42,423.0"
2022-02-05,"41,454.0"
2022-02-04,"41,562.7"
2022-02-03,"37,331.0"
2022-02-02,"36,925.0"
2022-02-01,"38,733.0"
2022-01-31,"38,526.0"
2022-01-30,"37,939.0"
2022-01-29,"38,197.0"
2022-01-28,"37,759.8"
2022-01-27,"37,217.0"
2022-01-26,"36,830.8"
2022-01-25,"36,994.0"
2022-01-24,"36,702.0"
2022-01-23,"36,308.0"
2022-01-22,"35,103.0"
2022-01-21,"36,501.0"
2022-01-20,"40,740.0"
2022-01-19,"41,676.0"
2022-01-18,"42,390.0"
2022-01-17,"42,242.0"
2022-01-16,"43,084.0"
2022-01-15,"43,069.0"
2022-01-14,"43,091.0"
2022-01-13,"42,562.0"
2022-01-12,"43,909.0"
2022-01-11,"42,743.0"
2022-01-10,"41,839.0"
2022-01-09,"41,850.0"
2022-01-08,"41,679.0"
2022-01-07,"41,518.0"
2022-01-06,"43,111.0"
2022-01-05,"43,418.0"
2022-01-04,"45,830.0"
2022-01-03,"46,445.0"
2022-01-02,"47,314.0"
2022-01-01,"47,755.0"
2021-12-31,"46,218.0"
2021-12-30,"47,156.0"
2021-12-29,"46,465.0"
2021-12-28,"47,554.0"
2021-12-27,"50,684.0"
2021-12-26,"50,797.0"
2021-12-25,"50,437.0"
2021-12-24,"50,815.0"
2021-12-23,"50,812.0"
2021-12-22,"48,626.0"
2021-12-21,"48,923.0"
2021-12-20,"46,898.0"
2021-12-19,"46,716.5"
2021-12-18,"46,879.0"
2021-12-17,"46,193.0"
2021-12-16,"47,675.0"
2021-12-15,"48,901.0"
2021-12-14,"48,408.0"
2021-12-13,"46,777.0"
2021-12-12,"50,123.0"
2021-12-11,"49,363.1"
2021-12-10,"47,170.0"
2021-12-09,"47,611.0"
2021-12-08,"50,503.4"
2021-12-07,"50,634.0"
2021-12-06,"50,566.6"
2021-12-05,"49,469.0"
2021-12-04,"49,272.0"
2021-12-03,"53,709.0"
2021-12-02,"56,517.0"
2021-12-01,"57,250.0"
2021-11-30,"56,938.0"
2021-11-29,"57,845.0"
2021-11-28,"57,325.0"
2021-11-27,"54,836.0"
2021-11-26,"53,738.0"
2021-11-25,"58,995.0"
2021-11-24,"57,209.0"
2021-11-23,"57,602.0"
2021-11-22,"56,299.0"
2021-11-21,"58,790.0"
2021-11-20,"59,739.0"
2021-11-19,"58,130.0"
2021-11-18,"57,014.0"
2021-11-17,"60,386.1"
2021-11-16,"60,124.0"
2021-11-15,"63,562.0"
2021-11-14,"65,471.0"
2021-11-13,"64,406.0"
2021-11-12,"64,156.0"
2021-11-11,"64,801.0"
2021-11-10,"64,954.0"
2021-11-09,"66,935.0"
2021-11-08,"67,526.0"
2021-11-07,"63,259.1"
2021-11-06,"61,496.0"
2021-11-05,"61,016.4"
2021-11-04,"61,422.8"
2021-11-03,"62,904.0"
2021-11-02,"63,249.0"
2021-11-01,"60,927.0"
2021-10-31,"61,330.0"
2021-10-30,"61,838.8"
2021-10-29,"62,235.0"
2021-10-28,"60,598.0"
2021-10-27,"58,453.0"
2021-10-26,"60,290.0"
2021-10-25,"63,100.0"
2021-10-24,"60,847.0"
2021-10-23,"61,302.0"
2021-10-22,"60,708.0"
2021-10-21,"62,200.0"
2021-10-20,"65,988.0"
2021-10-19,"64,237.0"
2021-10-18,"62,034.0"
2021-10-17,"61,511.0"
2021-10-16,"60,867.5"
2021-10-15,"61,709.0"
2021-10-14,"57,354.0"
2021-10-13,"57,381.0"
2021-10-12,"55,967.0"
2021-10-11,"57,468.0"
2021-10-10,"54,701.0"
2021-10-09,"54,978.0"
2021-10-08,"53,925.0"
2021-10-07,"53,793.0"
2021-10-06,"55,331.0"
2021-10-05,"51,508.0"
2021-10-04,"49,252.0"
2021-10-03,"48,243.0"
2021-10-02,"47,675.0"
2021-10-01,"48,157.0"
2021-09-30,"43,830.0"
2021-09-29,"41,551.0"
2021-09-28,"41,064.0"
2021-09-27,"42,191.0"
2021-09-26,"43,180.0"
2021-09-25,"42,711.0"
2021-09-24,"42,878.0"
2021-09-23,"44,882.0"
2021-09-22,"43,582.6"
2021-09-21,"40,664.0"
2021-09-20,"43,002.0"
2021-09-19,"47,239.0"
2021-09-18,"48,309.0"
2021-09-17,"47,292.0"
2021-09-16,"47,786.0"
2021-09-15,"48,136.0"
2021-09-14,"47,078.0"
2021-09-13,"44,960.0"
2021-09-12,"46,069.0"
2021-09-11,"45,169.0"
2021-09-10,"44,852.0"
2021-09-09,"46,389.0"
2021-09-08,"46,088.0"
2021-09-07,"46,778.0"
2021-09-06,"52,676.0"
2021-09-05,"51,762.0"
2021-09-04,"49,899.0"
2021-09-03,"50,000.0"
2021-09-02,"49,291.0"
2021-09-01,"48,844.0"
2021-08-31,"47,157.0"
2021-08-30,"47,008.0"
2021-08-29,"48,800.0"
2021-08-28,"48,914.0"
2021-08-27,"49,076.1"
2021-08-26,"46,832.0"
2021-08-25,"48,989.0"
2021-08-24,"47,714.0"
2021-08-23,"49,539.0"
2021-08-22,"49,264.0"
2021-08-21,"48,868.0"
2021-08-20,"49,332.0"
2021-08-19,"46,765.0"
2021-08-18,"44,744.0"
2021-08-17,"44,698.0"
2021-08-16,"45,940.0"
2021-08-15,"47,031.0"
2021-08-14,"47,084.0"
2021-08-13,"47,842.0"
2021-08-12,"44,423.0"
2021-08-11,"45,546.0"
2021-08-10,"45,612.0"
2021-08-09,"46,293.0"
2021-08-08,"43,770.0"
2021-08-07,"44,589.0"
2021-08-06,"42,830.0"
2021-08-05,"40,887.0"
2021-08-04,"39,754.0"
2021-08-03,"38,207.0"
2021-08-02,"39,156.0"
2021-08-01,"39,922.0"
2021-07-31,"41,409.0"
2021-07-30,"42,169.0"
2021-07-29,"40,041.0"
2021-07-28,"40,004.0"
2021-07-27,"39,563.0"
2021-07-26,"37,296.0"
2021-07-25,"35,407.0"
2021-07-24,"33,845.0"
2021-07-23,"33,597.1"
2021-07-22,"32,320.0"
2021-07-21,"32,141.0"
2021-07-20,"29,806.1"
2021-07-19,"30,847.0"
2021-07-18,"31,824.0"
2021-07-17,"31,559.0"
2021-07-16,"31,429.0"
2021-07-15,"31,857.0"
2021-07-14,"32,822.6"
2021-07-13,"32,727.0"
2021-07-12,"33,090.0"
2021-07-11,"34,239.0"
2021-07-10,"33,506.0"
2021-07-09,"33,769.0"
2021-07-08,"32,873.9"
2021-07-07,"33,886.0"
2021-07-06,"34,140.0"
2021-07-05,"33,668.0"
2021-07-04,"35,289.0"
2021-07-03,"34,758.0"
2021-07-02,"33,816.0"
2021-07-01,"33,554.4"
2021-06-30,"35,043.5"
2021-06-29,"35,895.9"
2021-06-28,"34,484.0"
2021-06-27,"34,717.0"
2021-06-26,"32,359.0"
2021-06-25,"31,584.0"
2021-06-24,"34,656.6"
2021-06-23,"33,703.0"
2021-06-22,"32,553.0"
2021-06-21,"31,761.0"
2021-06-20,"35,631.0"
2021-06-19,"35,585.8"
2021-06-18,"35,802.0"
2021-06-17,"38,061.0"
2021-06-16,"38,332.0"
2021-06-15,"40,139.0"
2021-06-14,"40,500.0"
2021-06-13,"39,004.0"
2021-06-12,"35,531.0"
2021-06-11,"37,338.0"
2021-06-10,"36,649.2"
2021-06-09,"37,347.0"
2021-06-08,"33,415.0"
2021-06-07,"33,596.0"
2021-06-06,"35,782.0"
2021-06-05,"35,543.0"
2021-06-04,"36,854.0"
2021-06-03,"39,209.0"
2021-06-02,"37,590.0"
2021-06-01,"36,672.6"
2021-05-31,"37,305.0"
2021-05-30,"35,615.0"
2021-05-29,"34,570.0"
2021-05-28,"35,667.0"
2021-05-27,"38,435.0"
2021-05-26,"39,301.0"
2021-05-25,"38,363.0"
2021-05-24,"38,772.9"
2021-05-23,"34,730.3"
2021-05-22,"37,585.0"
2021-05-21,"37,415.0"
2021-05-20,"40,578.0"
2021-05-19,"36,755.0"
2021-05-18,"42,935.0"
2021-05-17,"43,544.0"
2021-05-16,"46,582.9"
2021-05-15,"46,784.9"
2021-05-14,"49,917.0"
2021-05-13,"49,747.0"
2021-05-12,"49,725.0"
2021-05-11,"56,715.0"
2021-05-10,"55,851.0"
2021-05-09,"58,276.0"
2021-05-08,"58,894.0"
2021-05-07,"57,349.0"
2021-05-06,"56,451.0"
2021-05-05,"57,477.0"
2021-05-04,"53,264.0"
2021-05-03,"57,147.0"
2021-05-02,"56,605.0"
2021-05-01,"57,774.0"
2021-04-30,"57,637.0"
2021-04-29,"53,566.0"
2021-04-28,"54,860.0"
2021-04-27,"55,044.0"
2021-04-26,"54,103.0"
2021-04-25,"49,116.3"
2021-04-24,"50,167.0"
2021-04-23,"51,139.0"
2021-04-22,"51,781.3"
2021-04-21,"53,822.0"
2021-04-20,"56,476.0"
2021-04-19,"55,639.0"
2021-04-18,"56,163.0"
2021-04-17,"59,970.0"
2021-04-16,"61,325.0"
2021-04-15,"63,196.0"
2021-04-14,"62,942.7"
2021-04-13,"63,518.0"
2021-04-12,"59,900.0"
2021-04-11,"60,034.8"
2021-04-10,"59,823.8"
2021-04-09,"58,114.0"
2021-04-08,"58,110.0"
2021-04-07,"55,960.0"
2021-04-06,"57,991.0"
2021-04-05,"59,145.0"
2021-04-04,"58,240.0"
2021-04-03,"57,023.0"
2021-04-02,"58,959.0"
2021-04-01,"58,727.4"
2021-03-31,"58,796.0"
2021-03-30,"58,841.0"
2021-03-29,"57,672.3"
2021-03-28,"55,773.0"
2021-03-27,"55,886.0"
2021-03-26,"54,992.9"
2021-03-25,"51,363.0"
2021-03-24,"52,347.2"
2021-03-23,"54,331.0"
2021-03-22,"54,074.0"
2021-03-21,"57,368.0"
2021-03-20,"58,087.0"
2021-03-19,"58,074.0"
2021-03-18,"57,640.0"
2021-03-17,"58,870.0"
2021-03-16,"56,924.0"
2021-03-15,"55,644.0"
2021-03-14,"59,005.0"
2021-03-13,"61,207.0"
2021-03-12,"57,315.0"
2021-03-11,"57,869.0"
2021-03-10,"55,955.2"
2021-03-09,"54,949.4"
2021-03-08,"52,395.0"
2021-03-07,"51,031.2"
2021-03-06,"48,895.0"
2021-03-05,"48,811.0"
2021-03-04,"48,368.0"
2021-03-03,"50,425.0"
2021-03-02,"48,526.0"
2021-03-01,"49,572.0"
2021-02-28,"45,300.0"
2021-02-27,"46,217.0"
2021-02-26,"46,319.0"
2021-02-25,"47,144.0"
2021-02-24,"49,715.0"
2021-02-23,"48,888.0"
2021-02-22,"54,078.0"
2021-02-21,"57,376.0"
2021-02-20,"55,838.0"
2021-02-19,"55,847.0"
2021-02-18,"51,566.0"
2021-02-17,"52,060.0"
2021-02-16,"49,225.0"
2021-02-15,"47,941.0"
2021-02-14,"48,587.0"
2021-02-13,"47,177.0"
2021-02-12,"47,389.0"
2021-02-11,"47,966.0"
2021-02-10,"44,835.0"
2021-02-09,"46,486.0"
2021-02-08,"46,440.0"
2021-02-07,"38,841.0"
2021-02-06,"39,257.0"
2021-02-05,"38,260.0"
2021-02-04,"36,975.0"
2021-02-03,"37,677.0"
2021-02-02,"35,563.0"
2021-02-01,"33,559.0"
2021-01-31,"33,141.0"
2021-01-30,"34,334.0"
2021-01-29,"34,280.7"
2021-01-28,"33,331.0"
2021-01-27,"30,454.0"
2021-01-26,"32,519.0"
2021-01-25,"32,268.1"
2021-01-24,"32,298.0"
2021-01-23,"32,099.0"
2021-01-22,"33,062.0"
2021-01-21,"30,873.0"
2021-01-20,"35,521.1"
2021-01-19,"35,958.0"
2021-01-18,"36,699.0"
2021-01-17,"35,903.0"
2021-01-16,"36,055.0"
2021-01-15,"36,741.0"
2021-01-14,"39,170.0"
2021-01-13,"37,375.0"
2021-01-12,"34,103.0"
2021-01-11,"35,476.0"
2021-01-10,"38,226.0"
2021-01-09,"40,171.0"
2021-01-08,"40,509.0"
2021-01-07,"39,407.0"
2021-01-06,"36,755.0"
2021-01-05,"33,996.0"
2021-01-04,"32,020.0"
2021-01-03,"32,971.0"
2021-01-02,"32,185.0"
2021-01-01,"29,346.0"
2020-12-31,"28,933.0"
2020-12-30,"28,880.0"
2020-12-29,"27,315.0"
2020-12-28,"27,058.0"
2020-12-27,"26,241.0"
2020-12-26,"26,412.0"
2020-12-25,"24,717.0"
2020-12-24,"23,735.0"
2020-12-23,"23,234.0"
2020-12-22,"23,805.0"
2020-12-21,"22,701.0"
2020-12-20,"23,427.0"
2020-12-19,"23,804.0"
2020-12-18,"23,127.0"
2020-12-17,"22,806.6"
2020-12-16,"21,322.0"
2020-12-15,"19,459.0"
2020-12-14,"19,281.0"
2020-12-13,"19,180.0"
2020-12-12,"18,810.6"
2020-12-11,"18,050.0"
2020-12-10,"18,260.0"
2020-12-09,"18,560.0"
2020-12-08,"18,335.0"
2020-12-07,"19,196.0"
2020-12-06,"19,410.0"
2020-12-05,"19,157.0"
2020-12-04,"18,657.0"
2020-12-03,"19,447.0"
2020-12-02,"19,241.0"
2020-12-01,"18,807.0"
2020-11-30,"19,686.0"
2020-11-29,"18,196.0"
2020-11-28,"17,746.0"
2020-11-27,"17,169.3"
2020-11-26,"17,219.0"
2020-11-25,"18,730.0"
2020-11-24,"19,134.8"
2020-11-23,"18,373.0"
2020-11-22,"18,399.0"
2020-11-21,"18,660.0"
2020-11-20,"18,669.0"
2020-11-19,"17,810.0"
2020-11-18,"17,773.0"
2020-11-17,"17,674.9"
2020-11-16,"16,710.0"
2020-11-15,"15,962.2"
2020-11-14,"16,058.3"
2020-11-13,"16,310.0"
2020-11-12,"16,294.0"
2020-11-11,"15,710.0"
2020-11-10,"15,312.0"
2020-11-09,"15,329.0"
2020-11-08,"15,501.0"
2020-11-07,"14,844.1"
2020-11-06,"15,571.7"
2020-11-05,"15,574.0"
2020-11-04,"14,160.0"
2020-11-03,"14,025.0"
2020-11-02,"13,563.0"
2020-11-01,"13,756.0"
2020-10-31,"13,788.0"
2020-10-30,"13,568.0"
2020-10-29,"13,451.0"
2020-10-28,"13,272.0"
2020-10-27,"13,626.3"
2020-10-26,"13,061.0"
2020-10-25,"13,037.0"
2020-10-24,"13,132.0"
2020-10-23,"12,935.0"
2020-10-22,"12,988.0"
2020-10-21,"12,825.0"
2020-10-20,"11,925.0"
2020-10-19,"11,757.0"
2020-10-18,"11,518.0"
2020-10-17,"11,375.0"
2020-10-16,"11,325.0"
2020-10-15,"11,509.0"
2020-10-14,"11,440.0"
2020-10-13,"11,442.0"
2020-10-12,"11,560.0"
2020-10-11,"11,385.0"
2020-10-10,"11,308.0"
2020-10-09,"11,071.0"
2020-10-08,"10,943.0"
2020-10-07,"10,687.0"
2020-10-06,"10,613.7"
2020-10-05,"10,807.0"
2020-10-04,"10,687.0"
2020-10-03,"10,558.6"
2020-10-02,"10,586.0"
2020-10-01,"10,634.0"
2020-09-30,"10,794.0"
2020-09-29,"10,856.0"
2020-09-28,"10,712.0"
2020-09-27,"10,803.0"
2020-09-26,"10,750.0"
2020-09-25,"10,708.0"
2020-09-24,"10,754.0"
2020-09-23,"10,263.0"
2020-09-22,"10,549.0"
2020-09-21,"10,434.0"
2020-09-20,"10,934.5"
2020-09-19,"11,099.0"
2020-09-18,"10,957.2"
2020-09-17,"10,959.0"
2020-09-16,"10,971.3"
2020-09-15,"10,797.0"
2020-09-14,"10,686.0"
2020-09-13,"10,331.0"
2020-09-12,"10,458.0"
2020-09-11,"10,405.0"
2020-09-10,"10,355.0"
2020-09-09,"10,240.0"
2020-09-08,"10,149.8"
2020-09-07,"10,397.0"
2020-09-06,"10,276.0"
2020-09-05,"10,197.0"
2020-09-04,"10,484.7"
2020-09-03,"10,170.0"
2020-09-02,"11,408.0"
2020-09-01,"11,942.0"
2020-08-31,"11,671.0"
2020-08-30,"11,729.9"
2020-08-29,"11,492.0"
2020-08-28,"11,545.0"
2020-08-27,"11,343.0"
2020-08-26,"11,471.0"
2020-08-25,"11,341.0"
2020-08-24,"11,768.0"
2020-08-23,"11,663.0"
2020-08-22,"11,685.0"
2020-08-21,"11,531.0"
2020-08-20,"11,884.0"
2020-08-19,"11,778.0"
2020-08-18,"11,961.8"
2020-08-17,"12,300.0"
2020-08-16,"11,925.0"
2020-08-15,"11,873.4"
2020-08-14,"11,761.0"
2020-08-13,"11,792.5"
2020-08-12,"11,591.0"
2020-08-11,"11,379.8"
2020-08-10,"11,892.0"
2020-08-09,"11,675.7"
2020-08-08,"11,764.0"
2020-08-07,"11,580.0"
2020-08-06,"11,759.0"
2020-08-05,"11,735.8"
2020-08-04,"11,184.0"
2020-08-03,"11,226.5"
2020-08-02,"11,053.8"
2020-08-01,"11,804.7"
2020-07-31,"11,350.0"
2020-07-30,"11,123.0"
2020-07-29,"11,117.0"
2020-07-28,"10,932.0"
2020-07-27,"11,044.0"
2020-07-26,"9,948.1"
2020-07-25,"9,714.9"
2020-07-24,"9,559.4"
2020-07-23,"9,615.0"
2020-07-22,"9,557.7"
2020-07-21,"9,402.0"
2020-07-20,"9,179.2"
2020-07-19,"9,231.2"
2020-07-18,"9,189.1"
2020-07-17,"9,167.3"
2020-07-16,"9,149.9"
2020-07-15,"9,210.1"
2020-07-14,"9,263.4"
2020-07-13,"9,252.0"
2020-07-12,"9,315.8"
2020-07-11,"9,246.3"
2020-07-10,"9,305.7"
2020-07-09,"9,248.9"
2020-07-08,"9,447.0"
2020-07-07,"9,267.5"
2020-07-06,"9,361.0"
2020-07-05,"9,089.7"
2020-07-04,"9,147.7"
2020-07-03,"9,073.9"
2020-07-02,"9,100.0"
2020-07-01,"9,239.9"
2020-06-30,"9,150.6"
2020-06-29,"9,194.4"
2020-06-28,"9,127.8"
2020-06-27,"9,015.3"
2020-06-26,"9,173.1"
2020-06-25,"9,257.0"
2020-06-24,"9,312.1"
2020-06-23,"9,635.1"
2020-06-22,"9,697.7"
2020-06-21,"9,298.1"
2020-06-20,"9,371.3"
2020-06-19,"9,315.5"
2020-06-18,"9,400.0"
2020-06-17,"9,473.3"
2020-06-16,"9,534.4"
2020-06-15,"9,433.9"
2020-06-14,"9,345.4"
2020-06-13,"9,480.8"
2020-06-12,"9,468.3"
2020-06-11,"9,272.2"
2020-06-10,"9,898.8"
2020-06-09,"9,770.8"
2020-06-08,"9,783.2"
2020-06-07,"9,746.3"
2020-06-06,"9,668.4"
2020-06-05,"9,620.5"
2020-06-04,"9,790.7"
2020-06-03,"9,672.0"
2020-06-02,"9,530.0"
2020-06-01,"10,221.0"
2020-05-31,"9,452.1"
2020-05-30,"9,706.4"
2020-05-29,"9,426.2"
2020-05-28,"9,589.3"
2020-05-27,"9,210.3"
2020-05-26,"8,845.5"
2020-05-25,"8,902.0"
2020-05-24,"8,711.5"
2020-05-23,"9,174.6"
2020-05-22,"9,162.4"
2020-05-21,"9,059.5"
2020-05-20,"9,502.0"
2020-05-19,"9,770.1"
2020-05-18,"9,714.8"
2020-05-17,"9,668.2"
2020-05-16,"9,388.0"
2020-05-15,"9,313.3"
2020-05-14,"9,791.0"
2020-05-13,"9,312.0"
2020-05-12,"8,811.4"
2020-05-11,"8,555.0"
2020-05-10,"8,726.0"
2020-05-09,"9,537.9"
2020-05-08,"9,792.8"
2020-05-07,"9,979.6"
2020-05-06,"9,157.9"
2020-05-05,"9,020.1"
2020-05-04,"8,865.8"
2020-05-03,"8,899.8"
2020-05-02,"8,982.3"
2020-05-01,"8,822.9"
2020-04-30,"8,635.3"
2020-04-29,"8,773.3"
2020-04-28,"7,755.8"
2020-04-27,"7,777.7"
2020-04-26,"7,697.1"
2020-04-25,"7,538.5"
2020-04-24,"7,506.8"
2020-04-23,"7,495.2"
2020-04-22,"7,133.0"
2020-04-21,"6,850.0"
2020-04-20,"6,841.9"
2020-04-19,"7,133.3"
2020-04-18,"7,269.1"
2020-04-17,"7,045.8"
2020-04-16,"7,114.9"
2020-04-15,"6,633.8"
2020-04-14,"6,872.4"
2020-04-13,"6,848.7"
2020-04-12,"6,913.0"
2020-04-11,"6,884.5"
2020-04-10,"6,875.5"
2020-04-09,"7,293.5"
2020-04-08,"7,367.0"
2020-04-07,"7,203.0"
2020-04-06,"7,346.0"
2020-04-05,"6,778.0"
2020-04-04,"6,881.6"
2020-04-03,"6,740.8"
2020-04-02,"6,818.3"
2020-04-01,"6,675.0"
2020-03-31,"6,427.7"
2020-03-30,"6,407.6"
2020-03-29,"5,892.6"
2020-03-28,"6,249.3"
2020-03-27,"6,370.0"
2020-03-26,"6,750.7"
2020-03-25,"6,688.2"
2020-03-24,"6,762.0"
2020-03-23,"6,491.2"
2020-03-22,"5,827.0"
2020-03-21,"6,201.8"
2020-03-20,"6,205.8"
2020-03-19,"6,173.4"
2020-03-18,"5,416.2"
2020-03-17,"5,345.2"
2020-03-16,"5,058.5"
2020-03-15,"5,383.2"
2020-03-14,"5,218.2"
2020-03-13,"5,625.4"
2020-03-12,"4,927.0"
2020-03-11,"7,969.6"
2020-03-10,"7,913.8"
2020-03-09,"7,967.3"
2020-03-08,"8,074.0"
2020-03-07,"8,919.0"
2020-03-06,"9,180.6"
2020-03-05,"9,090.8"
2020-03-04,"8,788.6"
2020-03-03,"8,791.1"
2020-03-02,"8,938.1"
2020-03-01,"8,565.2"
2020-02-29,"8,557.3"
2020-02-28,"8,728.0"
2020-02-27,"8,825.8"
2020-02-26,"8,813.2"
2020-02-25,"9,327.5"
2020-02-24,"9,674.1"
2020-02-23,"9,985.0"
2020-02-22,"9,662.4"
2020-02-21,"9,693.5"
2020-02-20,"9,608.1"
2020-02-19,"9,592.2"
2020-02-18,"10,183.0"
2020-02-17,"9,708.0"
2020-02-16,"9,929.7"
2020-02-15,"9,901.0"
2020-02-14,"10,335.0"
2020-02-13,"10,222.0"
2020-02-12,"10,339.0"
2020-02-11,"10,247.0"
2020-02-10,"9,850.2"
2020-02-09,"10,151.0"
2020-02-08,"9,877.2"
2020-02-07,"9,805.2"
2020-02-06,"9,744.9"
2020-02-05,"9,612.0"
2020-02-04,"9,197.4"
2020-02-03,"9,309.3"
2020-02-02,"9,353.1"
2020-02-01,"9,410.6"
2020-01-31,"9,367.4"
2020-01-30,"9,512.7"
2020-01-29,"9,304.2"
2020-01-28,"9,393.7"
2020-01-27,"8,912.0"
2020-01-26,"8,621.6"
2020-01-25,"8,353.7"
2020-01-24,"8,447.1"
2020-01-23,"8,403.5"
2020-01-22,"8,663.9"
2020-01-21,"8,734.1"
2020-01-20,"8,638.2"
2020-01-19,"8,694.0"
2020-01-18,"8,891.5"
2020-01-17,"8,875.4"
2020-01-16,"8,720.6"
2020-01-15,"8,807.7"
2020-01-14,"8,775.6"
2020-01-13,"8,094.5"
2020-01-12,"8,174.7"
2020-01-11,"8,013.8"
2020-01-10,"8,176.3"
2020-01-09,"7,817.5"
2020-01-08,"8,036.8"
2020-01-07,"8,150.0"
2020-01-06,"7,757.9"
2020-01-05,"7,364.6"
2020-01-04,"7,369.8"
2020-01-03,"7,367.5"
2020-01-02,"6,989.4"
2020-01-01,"7,212.7"
2019-12-31,"7,208.3"
2019-12-30,"7,260.9"
2019-12-29,"7,417.9"
2019-12-28,"7,334.4"
2019-12-27,"7,287.0"
2019-12-26,"7,232.4"
2019-12-25,"7,220.1"
2019-12-24,"7,276.9"
2019-12-23,"7,347.4"
2019-12-22,"7,532.0"
2019-12-21,"7,166.4"
2019-12-20,"7,212.9"
2019-12-19,"7,181.8"
2019-12-18,"7,323.4"
2019-12-17,"6,667.1"
2019-12-16,"6,926.8"
2019-12-15,"7,152.7"
2019-12-14,"7,100.8"
2019-12-13,"7,283.2"
2019-12-12,"7,224.0"
2019-12-11,"7,230.7"
2019-12-10,"7,254.6"
2019-12-09,"7,379.5"
2019-12-08,"7,564.6"
2019-12-07,"7,543.2"
2019-12-06,"7,588.3"
2019-12-05,"7,440.0"
2019-12-04,"7,238.2"
2019-12-03,"7,336.0"
2019-12-02,"7,350.3"
2019-12-01,"7,450.1"
2019-11-30,"7,599.9"
2019-11-29,"7,796.6"
2019-11-28,"7,460.8"
2019-11-27,"7,549.3"
2019-11-26,"7,198.3"
2019-11-25,"7,168.0"
2019-11-24,"6,965.3"
2019-11-23,"7,352.6"
2019-11-22,"7,323.0"
2019-11-21,"7,671.1"
2019-11-20,"8,126.4"
2019-11-19,"8,164.9"
2019-11-18,"8,219.5"
2019-11-17,"8,537.3"
2019-11-16,"8,523.5"
2019-11-15,"8,495.8"
2019-11-14,"8,655.7"
2019-11-13,"8,801.1"
2019-11-12,"8,830.0"
2019-11-11,"8,737.7"
2019-11-10,"9,068.4"
2019-11-09,"8,828.0"
2019-11-08,"8,782.4"
2019-11-07,"9,208.0"
2019-11-06,"9,353.0"
2019-11-05,"9,333.9"
2019-11-04,"9,441.2"
2019-11-03,"9,222.4"
2019-11-02,"9,332.1"
2019-11-01,"9,289.1"
2019-10-31,"9,185.6"
2019-10-30,"9,184.3"
2019-10-29,"9,445.5"
2019-10-28,"9,225.7"
2019-10-27,"9,571.8"
2019-10-26,"9,270.9"
2019-10-25,"8,679.1"
2019-10-24,"7,453.0"
2019-10-23,"7,493.7"
2019-10-22,"8,058.9"
2019-10-21,"8,243.9"
2019-10-20,"8,260.6"
2019-10-19,"7,992.9"
2019-10-18,"7,987.2"
2019-10-17,"8,092.3"
2019-10-16,"8,016.0"
2019-10-15,"8,191.1"
2019-10-14,"8,370.0"
2019-10-13,"8,305.7"
2019-10-12,"8,318.3"
2019-10-11,"8,280.0"
2019-10-10,"8,596.0"
2019-10-09,"8,607.5"
2019-10-08,"8,211.2"
2019-10-07,"8,227.0"
2019-10-06,"7,883.1"
2019-10-05,"8,162.5"
2019-10-04,"8,170.0"
2019-10-03,"8,257.9"
2019-10-02,"8,413.4"
2019-10-01,"8,334.9"
2019-09-30,"8,331.1"
2019-09-29,"8,090.0"
2019-09-28,"8,238.6"
2019-09-27,"8,213.4"
2019-09-26,"8,103.6"
2019-09-25,"8,474.7"
2019-09-24,"8,547.9"
2019-09-23,"9,702.6"
2019-09-22,"10,052.0"
2019-09-21,"10,013.0"
2019-09-20,"10,198.0"
2019-09-19,"10,301.0"
2019-09-18,"10,185.0"
2019-09-17,"10,214.1"
2019-09-16,"10,295.0"
2019-09-15,"10,322.0"
2019-09-14,"10,379.0"
2019-09-13,"10,374.0"
2019-09-12,"10,452.0"
2019-09-11,"10,175.0"
2019-09-10,"10,122.0"
2019-09-09,"10,318.0"
2019-09-08,"10,415.0"
2019-09-07,"10,488.0"
2019-09-06,"10,317.0"
2019-09-05,"10,578.7"
2019-09-04,"10,590.0"
2019-09-03,"10,641.0"
2019-09-02,"10,388.0"
2019-09-01,"9,779.1"
2019-08-31,"9,623.9"
2019-08-30,"9,601.0"
2019-08-29,"9,509.0"
2019-08-28,"9,727.4"
2019-08-27,"10,184.0"
2019-08-26,"10,377.0"
2019-08-25,"10,132.0"
2019-08-24,"10,152.0"
2019-08-23,"10,408.0"
2019-08-22,"10,117.0"
2019-08-21,"10,146.0"
2019-08-20,"10,793.0"
2019-08-19,"10,937.0"
2019-08-18,"10,327.0"
2019-08-17,"10,228.0"
2019-08-16,"10,366.0"
2019-08-15,"10,327.0"
2019-08-14,"10,067.0"
2019-08-13,"10,904.0"
2019-08-12,"11,404.0"
2019-08-11,"11,586.0"
2019-08-10,"11,314.0"
2019-08-09,"11,893.0"
2019-08-08,"12,060.0"
2019-08-07,"11,997.0"
2019-08-06,"11,471.2"
2019-08-05,"11,808.0"
2019-08-04,"10,973.0"
2019-08-03,"10,822.0"
2019-08-02,"10,519.0"
2019-08-01,"10,399.0"
2019-07-31,"10,088.0"
2019-07-30,"9,589.0"
2019-07-29,"9,507.0"
2019-07-28,"9,519.0"
2019-07-27,"9,465.7"
2019-07-26,"9,842.5"
2019-07-25,"9,890.1"
2019-07-24,"9,771.0"
2019-07-23,"9,854.9"
2019-07-22,"10,329.0"
2019-07-21,"10,569.4"
2019-07-20,"10,740.0"
2019-07-19,"10,519.0"
2019-07-18,"10,622.0"
2019-07-17,"9,683.2"
2019-07-16,"9,410.0"
2019-07-15,"10,820.0"
2019-07-14,"10,206.8"
2019-07-13,"11,312.0"
2019-07-12,"11,765.0"
2019-07-11,"11,340.0"
2019-07-10,"12,093.0"
2019-07-09,"12,553.0"
2019-07-08,"12,301.0"
2019-07-07,"11,486.0"
2019-07-06,"11,283.0"
2019-07-05,"10,998.0"
2019-07-04,"11,169.0"
2019-07-03,"11,984.0"
2019-07-02,"10,866.0"
2019-07-01,"10,639.0"
2019-06-30,"10,745.0"
2019-06-29,"11,921.0"
2019-06-28,"12,349.0"
2019-06-27,"11,200.0"
2019-06-26,"12,876.0"
2019-06-25,"11,751.0"
2019-06-24,"11,053.0"
2019-06-23,"10,916.0"
2019-06-22,"10,747.9"
2019-06-21,"10,236.0"
2019-06-20,"9,557.1"
2019-06-19,"9,305.9"
2019-06-18,"9,095.9"
2019-06-17,"9,356.0"
2019-06-16,"8,986.0"
2019-06-15,"8,856.0"
2019-06-14,"8,689.1"
2019-06-13,"8,227.4"
2019-06-12,"8,175.4"
2019-06-11,"7,904.1"
2019-06-10,"8,013.7"
2019-06-09,"7,639.2"
2019-06-08,"7,924.6"
2019-06-07,"7,991.5"
2019-06-06,"7,805.6"
2019-06-05,"7,789.3"
2019-06-04,"7,692.8"
2019-06-03,"8,103.4"
2019-06-02,"8,740.0"
2019-06-01,"8,547.0"
2019-05-31,"8,533.3"
2019-05-30,"8,269.9"
2019-05-29,"8,680.9"
2019-05-28,"8,740.9"
2019-05-27,"8,806.0"
2019-05-26,"8,729.9"
2019-05-25,"8,054.9"
2019-05-24,"7,994.9"
2019-05-23,"7,872.4"
2019-05-22,"7,621.1"
2019-05-21,"7,937.0"
2019-05-20,"7,985.0"
2019-05-19,"8,189.5"
2019-05-18,"7,260.0"
2019-05-17,"7,415.4"
2019-05-16,"7,857.0"
2019-05-15,"8,132.9"
2019-05-14,"7,958.3"
2019-05-13,"7,753.2"
2019-05-12,"6,979.9"
2019-05-11,"7,136.4"
2019-05-10,"6,438.7"
2019-05-09,"6,258.4"
2019-05-08,"6,201.0"
2019-05-07,"6,087.9"
2019-05-06,"6,027.9"
2019-05-05,"6,042.0"
2019-05-04,"6,098.3"
2019-05-03,"6,016.0"
2019-05-02,"5,723.8"
2019-05-01,"5,629.6"
2019-04-30,"5,599.5"
2019-04-29,"5,480.1"
2019-04-28,"5,486.8"
2019-04-27,"5,401.8"
2019-04-26,"5,410.8"
2019-04-25,"5,219.0"
2019-04-24,"5,480.3"
2019-04-23,"5,550.9"
2019-04-22,"5,417.8"
2019-04-21,"5,321.9"
2019-04-20,"5,340.0"
2019-04-19,"5,314.0"
2019-04-18,"5,310.8"
2019-04-17,"5,254.5"
2019-04-16,"5,234.3"
2019-04-15,"5,049.2"
2019-04-14,"5,194.3"
2019-04-13,"5,101.8"
2019-04-12,"5,114.0"
2019-04-11,"5,065.8"
2019-04-10,"5,311.7"
2019-04-09,"5,216.3"
2019-04-08,"5,312.5"
2019-04-07,"5,238.1"
2019-04-06,"5,090.5"
2019-04-05,"5,080.4"
2019-04-04,"4,938.9"
2019-04-03,"4,978.0"
2019-04-02,"4,927.1"
2019-04-01,"4,196.8"
2019-03-31,"4,167.6"
2019-03-30,"4,165.1"
2019-03-29,"4,179.0"
2019-03-28,"4,092.6"
2019-03-27,"4,102.5"
2019-03-26,"3,991.7"
2019-03-25,"3,970.0"
2019-03-24,"4,041.4"
2019-03-23,"4,063.2"
2019-03-22,"4,045.3"
2019-03-21,"4,044.8"
2019-03-20,"4,127.2"
2019-03-19,"4,104.7"
2019-03-18,"4,073.5"
2019-03-17,"4,068.9"
2019-03-16,"4,088.0"
2019-03-15,"4,003.1"
2019-03-14,"3,948.3"
2019-03-13,"3,947.9"
2019-03-12,"3,954.1"
2019-03-11,"3,949.0"
2019-03-10,"4,000.0"
2019-03-09,"4,017.3"
2019-03-08,"3,940.5"
2019-03-07,"3,964.7"
2019-03-06,"3,951.4"
2019-03-05,"3,951.6"
2019-03-04,"3,800.0"
2019-03-03,"3,884.8"
2019-03-02,"3,913.0"
2019-03-01,"3,914.0"
2019-02-28,"3,894.0"
2019-02-27,"3,902.7"
2019-02-26,"3,896.8"
2019-02-25,"3,921.8"
2019-02-24,"3,832.0"
2019-02-23,"4,211.7"
2019-02-22,"4,058.3"
2019-02-21,"4,008.8"
2019-02-20,"4,055.0"
2019-02-19,"3,989.9"
2019-02-18,"3,978.1"
2019-02-17,"3,734.5"
2019-02-16,"3,676.4"
2019-02-15,"3,670.0"
2019-02-14,"3,656.7"
2019-02-13,"3,666.1"
2019-02-12,"3,694.2"
2019-02-11,"3,681.1"
2019-02-10,"3,746.3"
2019-02-09,"3,718.4"
2019-02-08,"3,724.0"
2019-02-07,"3,436.1"
2019-02-06,"3,452.0"
2019-02-05,"3,512.6"
2019-02-04,"3,490.5"
2019-02-03,"3,501.7"
2019-02-02,"3,564.3"
2019-02-01,"3,536.2"
2019-01-31,"3,501.1"
2019-01-30,"3,529.6"
2019-01-29,"3,477.9"
2019-01-28,"3,501.9"
2019-01-27,"3,597.1"
2019-01-26,"3,630.7"
2019-01-25,"3,628.9"
2019-01-24,"3,652.6"
2019-01-23,"3,619.9"
2019-01-22,"3,639.1"
2019-01-21,"3,579.4"
2019-01-20,"3,586.1"
2019-01-19,"3,760.0"
2019-01-18,"3,675.7"
2019-01-17,"3,723.0"
2019-01-16,"3,671.2"
2019-01-15,"3,656.5"
2019-01-14,"3,749.3"
2019-01-13,"3,591.0"
2019-01-12,"3,702.0"
2019-01-11,"3,716.1"
2019-01-10,"3,712.8"
2019-01-09,"4,083.2"
2019-01-08,"4,100.0"
2019-01-07,"4,113.9"
2019-01-06,"4,171.5"
2019-01-05,"3,911.0"
2019-01-04,"3,954.9"
2019-01-03,"3,923.2"
2019-01-02,"4,048.5"
2019-01-01,"3,963.0"
2018-12-31,"3,830.5"
2018-12-30,"3,978.3"
2018-12-29,"3,887.0"
2018-12-28,"4,036.7"
2018-12-27,"3,714.7"
2018-12-26,"3,929.8"
2018-12-25,"3,909.7"
2018-12-24,"4,145.2"
2018-12-23,"4,075.7"
2018-12-22,"4,135.0"
2018-12-21,"3,976.1"
2018-12-20,"4,214.5"
2018-12-19,"3,810.0"
2018-12-18,"3,780.1"
2018-12-17,"3,625.1"
2018-12-16,"3,299.9"
2018-12-15,"3,285.1"
2018-12-14,"3,282.8"
2018-12-13,"3,354.4"
2018-12-12,"3,535.6"
2018-12-11,"3,435.3"
2018-12-10,"3,524.9"
2018-12-09,"3,639.6"
2018-12-08,"3,506.0"
2018-12-07,"3,460.0"
2018-12-06,"3,531.3"
2018-12-05,"3,765.3"
2018-12-04,"3,981.9"
2018-12-03,"3,901.2"
2018-12-02,"4,159.7"
2018-12-01,"4,243.0"
2018-11-30,"4,038.3"
2018-11-29,"4,312.9"
2018-11-28,"4,306.3"
2018-11-27,"3,884.4"
2018-11-26,"3,858.0"
2018-11-25,"4,087.8"
2018-11-24,"3,929.8"
2018-11-23,"4,422.7"
2018-11-22,"4,392.4"
2018-11-21,"4,666.6"
2018-11-20,"4,600.1"
2018-11-19,"4,938.1"
2018-11-18,"5,659.4"
2018-11-17,"5,626.7"
2018-11-16,"5,660.5"
2018-11-15,"5,753.4"
2018-11-14,"5,884.6"
2018-11-13,"6,464.4"
2018-11-12,"6,446.9"
2018-11-11,"6,450.0"
2018-11-10,"6,431.1"
2018-11-09,"6,420.2"
2018-11-08,"6,479.6"
2018-11-07,"6,572.7"
2018-11-06,"6,515.2"
2018-11-05,"6,470.1"
2018-11-04,"6,485.2"
2018-11-03,"6,387.9"
2018-11-02,"6,426.9"
2018-11-01,"6,399.7"
2018-10-31,"6,368.4"
2018-10-30,"6,330.1"
2018-10-29,"6,344.0"
2018-10-28,"6,490.1"
2018-10-27,"6,500.2"
2018-10-26,"6,531.5"
2018-10-25,"6,528.1"
2018-10-24,"6,554.1"
2018-10-23,"6,550.0"
2018-10-22,"6,567.2"
2018-10-21,"6,591.6"
2018-10-20,"6,586.7"
2018-10-19,"6,527.3"
2018-10-18,"6,613.0"
2018-10-17,"6,737.1"
2018-10-16,"6,754.1"
2018-10-15,"6,742.0"
2018-10-14,"6,335.2"
2018-10-13,"6,326.5"
2018-10-12,"6,293.2"
2018-10-11,"6,252.0"
2018-10-10,"6,630.2"
2018-10-09,"6,663.0"
2018-10-08,"6,673.2"
2018-10-07,"6,601.0"
2018-10-06,"6,592.0"
2018-10-05,"6,644.7"
2018-10-04,"6,580.1"
2018-10-03,"6,503.2"
2018-10-02,"6,533.3"
2018-10-01,"6,601.9"
2018-09-30,"6,618.1"
2018-09-29,"6,604.6"
2018-09-28,"6,635.1"
2018-09-27,"6,692.5"
2018-09-26,"6,462.4"
2018-09-25,"6,434.7"
2018-09-24,"6,585.0"
2018-09-23,"6,710.0"
2018-09-22,"6,723.0"
2018-09-21,"6,762.7"
2018-09-20,"6,500.5"
2018-09-19,"6,390.9"
2018-09-18,"6,342.8"
2018-09-17,"6,254.2"
2018-09-16,"6,498.5"
2018-09-15,"6,513.6"
2018-09-14,"6,485.0"
2018-09-13,"6,475.6"
2018-09-12,"6,332.0"
2018-09-11,"6,290.8"
2018-09-10,"6,308.0"
2018-09-09,"6,239.9"
2018-09-08,"6,185.0"
2018-09-07,"6,404.1"
2018-09-06,"6,515.6"
2018-09-05,"6,710.5"
2018-09-04,"7,358.9"
2018-09-03,"7,268.0"
2018-09-02,"7,290.4"
2018-09-01,"7,197.5"
2018-08-31,"7,025.9"
2018-08-30,"6,994.7"
2018-08-29,"7,045.7"
2018-08-28,"7,079.7"
2018-08-27,"6,909.5"
2018-08-26,"6,708.4"
2018-08-25,"6,732.9"
2018-08-24,"6,695.9"
2018-08-23,"6,527.2"
2018-08-22,"6,354.9"
2018-08-21,"6,479.1"
2018-08-20,"6,255.9"
2018-08-19,"6,485.1"
2018-08-18,"6,391.2"
2018-08-17,"6,583.3"
2018-08-16,"6,314.0"
2018-08-15,"6,270.1"
2018-08-14,"6,189.0"
2018-08-13,"6,251.9"
2018-08-12,"6,313.9"
2018-08-11,"6,232.7"
2018-08-10,"6,146.8"
2018-08-09,"6,529.1"
2018-08-08,"6,279.2"
2018-08-07,"6,720.5"
2018-08-06,"6,941.3"
2018-08-05,"7,025.8"
2018-08-04,"7,013.2"
2018-08-03,"7,420.0"
2018-08-02,"7,535.2"
2018-08-01,"7,608.8"
2018-07-31,"7,730.6"
2018-07-30,"8,179.6"
2018-07-29,"8,221.0"
2018-07-28,"8,246.4"
2018-07-27,"8,185.7"
2018-07-26,"7,939.0"
2018-07-25,"8,176.0"
2018-07-24,"8,394.5"
2018-07-23,"7,719.8"
2018-07-22,"7,400.5"
2018-07-21,"7,403.3"
2018-07-20,"7,333.1"
2018-07-19,"7,473.5"
2018-07-18,"7,379.4"
2018-07-17,"7,319.8"
2018-07-16,"6,729.2"
2018-07-15,"6,347.2"
2018-07-14,"6,250.1"
2018-07-13,"6,220.0"
2018-07-12,"6,249.0"
2018-07-11,"6,377.8"
2018-07-10,"6,301.5"
2018-07-09,"6,666.7"
2018-07-08,"6,707.0"
2018-07-07,"6,761.7"
2018-07-06,"6,602.1"
2018-07-05,"6,540.2"
2018-07-04,"6,590.0"
2018-07-03,"6,500.0"
2018-07-02,"6,581.3"
2018-07-01,"6,349.7"
2018-06-30,"6,391.5"
2018-06-29,"6,208.1"
2018-06-28,"5,850.0"
2018-06-27,"6,133.1"
2018-06-26,"6,078.5"
2018-06-25,"6,246.6"
2018-06-24,"6,148.0"
2018-06-23,"6,152.0"
2018-06-22,"6,042.6"
2018-06-21,"6,713.5"
2018-06-20,"6,760.4"
2018-06-19,"6,737.5"
2018-06-18,"6,709.2"
2018-06-17,"6,435.7"
2018-06-16,"6,485.9"
2018-06-15,"6,385.0"
2018-06-14,"6,633.7"
2018-06-13,"6,295.2"
2018-06-12,"6,543.9"
2018-06-11,"6,873.3"
2018-06-10,"6,757.3"
2018-06-09,"7,498.6"
2018-06-08,"7,615.1"
2018-06-07,"7,688.9"
2018-06-06,"7,654.0"
2018-06-05,"7,621.7"
2018-06-04,"7,488.3"
2018-06-03,"7,718.0"
2018-06-02,"7,638.1"
2018-06-01,"7,521.0"
2018-05-31,"7,485.8"
2018-05-30,"7,375.1"
2018-05-29,"7,460.0"
2018-05-28,"7,097.9"
2018-05-27,"7,339.7"
2018-05-26,"7,330.3"
2018-05-25,"7,458.0"
2018-05-24,"7,576.7"
2018-05-23,"7,494.8"
2018-05-22,"7,977.3"
2018-05-21,"8,393.4"
2018-05-20,"8,523.7"
2018-05-19,"8,232.3"
2018-05-18,"8,239.0"
2018-05-17,"8,051.8"
2018-05-16,"8,336.1"
2018-05-15,"8,467.5"
2018-05-14,"8,670.8"
2018-05-13,"8,683.6"
2018-05-12,"8,462.7"
2018-05-11,"8,412.4"
2018-05-10,"9,018.7"
2018-05-09,"9,318.2"
2018-05-08,"9,184.7"
2018-05-07,"9,370.0"
2018-05-06,"9,658.7"
2018-05-05,"9,859.6"
2018-05-04,"9,702.8"
2018-05-03,"9,762.1"
2018-05-02,"9,236.4"
2018-05-01,"9,067.0"
2018-04-30,"9,240.0"
2018-04-29,"9,398.6"
2018-04-28,"9,345.3"
2018-04-27,"8,920.1"
2018-04-26,"9,279.3"
2018-04-25,"8,878.4"
2018-04-24,"9,644.4"
2018-04-23,"8,940.0"
2018-04-22,"8,800.0"
2018-04-21,"8,919.1"
2018-04-20,"8,866.1"
2018-04-19,"8,272.8"
2018-04-18,"8,166.3"
2018-04-17,"7,889.9"
2018-04-16,"8,056.2"
2018-04-15,"8,354.1"
2018-04-14,"8,002.9"
2018-04-13,"7,885.8"
2018-04-12,"7,912.0"
2018-04-11,"6,943.1"
2018-04-10,"6,839.3"
2018-04-09,"6,764.6"
2018-04-08,"7,023.9"
2018-04-07,"6,892.6"
2018-04-06,"6,610.2"
2018-04-05,"6,765.0"
2018-04-04,"6,785.9"
2018-04-03,"7,405.6"
2018-04-02,"7,052.7"
2018-04-01,"6,810.0"
2018-03-31,"6,925.3"
2018-03-30,"6,840.4"
2018-03-29,"7,094.0"
2018-03-28,"7,936.1"
2018-03-27,"7,784.5"
2018-03-26,"8,119.1"
2018-03-25,"8,445.1"
2018-03-24,"8,535.0"
2018-03-23,"8,908.0"
2018-03-22,"8,706.4"
2018-03-21,"8,900.1"
2018-03-20,"8,899.7"
2018-03-19,"8,600.1"
2018-03-18,"8,200.2"
2018-03-17,"7,851.0"
2018-03-16,"8,251.0"
2018-03-15,"8,252.9"
2018-03-14,"8,186.6"
2018-03-13,"9,135.0"
2018-03-12,"9,121.0"
2018-03-11,"9,528.0"
2018-03-10,"8,762.0"
2018-03-09,"9,217.0"
2018-03-08,"9,300.0"
2018-03-07,"9,902.9"
2018-03-06,"10,720.0"
2018-03-05,"11,416.0"
2018-03-04,"11,501.0"
2018-03-03,"11,440.0"
2018-03-02,"11,025.0"
2018-03-01,"10,925.0"
2018-02-28,"10,315.0"
2018-02-27,"10,569.0"
2018-02-26,"10,321.0"
2018-02-25,"9,557.4"
2018-02-24,"9,666.3"
2018-02-23,"10,145.0"
2018-02-22,"9,830.0"
2018-02-21,"10,455.0"
2018-02-20,"11,218.0"
2018-02-19,"11,173.0"
2018-02-18,"10,372.0"
2018-02-17,"11,053.5"
2018-02-16,"10,162.0"
2018-02-15,"9,996.9"
2018-02-14,"9,455.4"
2018-02-13,"8,515.9"
2018-02-12,"8,900.6"
2018-02-11,"8,069.0"
2018-02-10,"8,563.1"
2018-02-09,"8,683.2"
2018-02-08,"8,235.1"
2018-02-07,"7,587.0"
2018-02-06,"7,673.8"
2018-02-05,"6,949.9"
2018-02-04,"8,200.0"
2018-02-03,"9,219.4"
2018-02-02,"8,895.8"
2018-02-01,"9,181.1"
2018-01-31,"10,284.0"
2018-01-30,"10,175.0"
2018-01-29,"11,212.0"
2018-01-28,"11,839.0"
2018-01-27,"11,461.0"
2018-01-26,"11,070.0"
2018-01-25,"11,146.0"
2018-01-24,"11,414.0"
2018-01-23,"10,819.0"
2018-01-22,"10,771.0"
2018-01-21,"11,514.0"
2018-01-20,"12,728.0"
2018-01-19,"11,476.0"
2018-01-18,"11,045.0"
2018-01-17,"11,082.0"
2018-01-16,"11,072.0"
2018-01-15,"13,575.0"
2018-01-14,"13,558.0"
2018-01-13,"14,191.0"
2018-01-12,"13,783.0"
2018-01-11,"13,266.0"
2018-01-10,"14,896.0"
2018-01-09,"14,423.0"
2018-01-08,"14,930.0"
2018-01-07,"16,196.0"
2018-01-06,"17,161.0"
2018-01-05,"16,917.0"
2018-01-04,"15,160.0"
2018-01-03,"15,155.0"
2018-01-02,"14,709.8"
2018-01-01,"13,354.0"
2017-12-31,"13,800.0"
2017-12-30,"12,377.0"
2017-12-29,"14,317.0"
2017-12-28,"14,315.0"
2017-12-27,"15,374.0"
2017-12-26,"15,679.0"
2017-12-25,"13,623.0"
2017-12-24,"13,476.0"
2017-12-23,"14,035.0"
2017-12-22,"13,170.0"
2017-12-21,"15,666.8"
2017-12-20,"16,425.0"
2017-12-19,"17,345.0"
2017-12-18,"18,934.0"
2017-12-17,"18,971.0"
2017-12-16,"19,187.0"
2017-12-15,"17,522.0"
2017-12-14,"16,383.0"
2017-12-13,"16,181.0"
2017-12-12,"16,967.0"
2017-12-11,"16,754.0"
2017-12-10,"14,997.0"
2017-12-09,"14,660.0"
2017-12-08,"15,869.0"
2017-12-07,"16,601.0"
2017-12-06,"13,527.0"
2017-12-05,"11,595.0"
2017-12-04,"11,595.0"
2017-12-03,"11,157.0"
2017-12-02,"10,881.0"
2017-12-01,"10,869.0"
2017-11-30,"9,907.0"
2017-11-29,"9,749.4"
2017-11-28,"9,898.0"
2017-11-27,"9,728.8"
2017-11-26,"9,316.0"
2017-11-25,"8,766.2"
2017-11-24,"8,191.6"
2017-11-23,"7,977.1"
2017-11-22,"8,230.1"
2017-11-21,"8,097.3"
2017-11-20,"8,245.1"
2017-11-19,"8,054.2"
2017-11-18,"7,773.3"
2017-11-17,"7,677.9"
2017-11-16,"7,864.2"
2017-11-15,"7,278.3"
2017-11-14,"6,579.2"
2017-11-13,"6,474.6"
2017-11-12,"5,822.1"
2017-11-11,"6,300.7"
2017-11-10,"6,542.2"
2017-11-09,"7,126.2"
2017-11-08,"7,442.4"
2017-11-07,"7,103.3"
2017-11-06,"6,955.0"
2017-11-05,"7,382.0"
2017-11-04,"7,369.0"
2017-11-03,"7,278.4"
2017-11-02,"7,019.9"
2017-11-01,"6,727.3"
2017-10-31,"6,458.3"
2017-10-30,"6,125.3"
2017-10-29,"6,156.0"
2017-10-28,"5,720.6"
2017-10-27,"5,759.6"
2017-10-26,"5,890.0"
2017-10-25,"5,720.0"
2017-10-24,"5,509.5"
2017-10-23,"5,906.9"
2017-10-22,"5,980.5"
2017-10-21,"6,005.1"
2017-10-20,"5,984.5"
2017-10-19,"5,694.0"
2017-10-18,"5,565.0"
2017-10-17,"5,597.1"
2017-10-16,"5,764.4"
2017-10-15,"5,698.6"
2017-10-14,"5,835.0"
2017-10-13,"5,636.8"
2017-10-12,"5,428.5"
2017-10-11,"4,824.9"
2017-10-10,"4,777.0"
2017-10-09,"4,782.3"
2017-10-08,"4,613.1"
2017-10-07,"4,436.0"
2017-10-06,"4,371.0"
2017-10-05,"4,315.4"
2017-10-04,"4,215.1"
2017-10-03,"4,311.1"
2017-10-02,"4,400.1"
2017-10-01,"4,404.3"
2017-09-30,"4,367.0"
2017-09-29,"4,169.9"
2017-09-28,"4,190.0"
2017-09-27,"4,205.4"
2017-09-26,"3,879.1"
2017-09-25,"3,930.0"
2017-09-24,"3,652.8"
2017-09-23,"3,779.6"
2017-09-22,"3,598.5"
2017-09-21,"3,603.4"
2017-09-20,"3,873.2"
2017-09-19,"3,900.0"
2017-09-18,"4,084.1"
2017-09-17,"3,666.3"
2017-09-16,"3,685.4"
2017-09-15,"3,698.0"
2017-09-14,"3,238.1"
2017-09-13,"3,849.7"
2017-09-12,"4,142.9"
2017-09-11,"4,203.0"
2017-09-10,"4,232.1"
2017-09-09,"4,317.9"
2017-09-08,"4,305.8"
2017-09-07,"4,613.5"
2017-09-06,"4,589.1"
2017-09-05,"4,374.9"
2017-09-04,"4,200.4"
2017-09-03,"4,595.0"
2017-09-02,"4,534.4"
2017-09-01,"4,904.9"
2017-08-31,"4,718.2"
2017-08-30,"4,569.0"
2017-08-29,"4,587.1"
2017-08-28,"4,383.8"
2017-08-27,"4,331.8"
2017-08-26,"4,341.7"
2017-08-25,"4,351.5"
2017-08-24,"4,325.2"
2017-08-23,"4,129.1"
2017-08-22,"4,074.0"
2017-08-21,"4,002.5"
2017-08-20,"4,064.3"
2017-08-19,"4,145.1"
2017-08-18,"4,090.2"
2017-08-17,"4,260.0"
2017-08-16,"4,386.3"
2017-08-15,"4,151.9"
2017-08-14,"4,319.5"
2017-08-13,"4,053.3"
2017-08-12,"3,865.5"
2017-08-11,"3,644.1"
2017-08-10,"3,407.9"
2017-08-09,"3,339.9"
2017-08-08,"3,415.0"
2017-08-07,"3,396.7"
2017-08-06,"3,227.9"
2017-08-05,"3,256.4"
2017-08-04,"2,860.0"
2017-08-03,"2,790.3"
2017-08-02,"2,702.0"
2017-08-01,"2,731.2"
2017-07-31,"2,856.0"
2017-07-30,"2,749.0"
2017-07-29,"2,714.1"
2017-07-28,"2,784.8"
2017-07-27,"2,664.9"
2017-07-26,"2,525.7"
2017-07-25,"2,560.9"
2017-07-24,"2,769.7"
2017-07-23,"2,747.5"
2017-07-22,"2,845.7"
2017-07-21,"2,664.0"
2017-07-20,"2,856.3"
2017-07-19,"2,253.1"
2017-07-18,"2,302.1"
2017-07-17,"2,219.0"
2017-07-16,"1,924.9"
2017-07-15,"1,978.6"
2017-07-14,"2,205.1"
2017-07-13,"2,329.0"
2017-07-12,"2,374.4"
2017-07-11,"2,282.1"
2017-07-10,"2,318.3"
2017-07-09,"2,478.0"
2017-07-08,"2,542.0"
2017-07-07,"2,479.3"
2017-07-06,"2,593.1"
2017-07-05,"2,598.5"
2017-07-04,"2,582.6"
2017-07-03,"2,524.0"
2017-07-02,"2,445.0"
2017-07-01,"2,349.5"
2017-06-30,"2,420.7"
2017-06-29,"2,470.1"
2017-06-28,"2,518.2"
2017-06-27,"2,521.2"
2017-06-26,"2,394.6"
2017-06-25,"2,477.7"
2017-06-24,"2,502.6"
2017-06-23,"2,674.9"
2017-06-22,"2,672.8"
2017-06-21,"2,621.2"
2017-06-20,"2,712.2"
2017-06-19,"2,580.8"
2017-06-18,"2,491.5"
2017-06-17,"2,610.0"
2017-06-16,"2,437.0"
2017-06-15,"2,377.4"
2017-06-14,"2,395.0"
2017-06-13,"2,676.4"
2017-06-12,"2,571.8"
2017-06-11,"2,936.3"
2017-06-10,"2,806.0"
2017-06-09,"2,809.0"
2017-06-08,"2,782.1"
2017-06-07,"2,642.6"
2017-06-06,"2,843.6"
2017-06-05,"2,636.2"
2017-06-04,"2,488.2"
2017-06-03,"2,461.0"
2017-06-02,"2,405.9"
2017-06-01,"2,311.6"
2017-05-31,"2,191.8"
2017-05-30,"2,146.7"
2017-05-29,"2,207.4"
2017-05-28,"2,056.6"
2017-05-27,"1,972.3"
2017-05-26,"2,127.3"
2017-05-25,"2,252.0"
2017-05-24,"2,394.8"
2017-05-23,"2,249.3"
2017-05-22,"2,085.5"
2017-05-21,"2,029.2"
2017-05-20,"2,059.7"
2017-05-19,"1,966.5"
2017-05-18,"1,941.5"
2017-05-17,"1,870.0"
2017-05-16,"1,785.7"
2017-05-15,"1,772.5"
2017-05-14,"1,828.1"
2017-05-13,"1,820.4"
2017-05-12,"1,735.0"
2017-05-11,"1,853.9"
2017-05-10,"1,796.8"
2017-05-09,"1,760.0"
2017-05-08,"1,703.2"
2017-05-07,"1,619.9"
2017-05-06,"1,597.1"
2017-05-05,"1,545.1"
2017-05-04,"1,607.1"
2017-05-03,"1,617.8"
2017-05-02,"1,560.0"
2017-05-01,"1,533.1"
2017-04-30,"1,435.2"
2017-04-29,"1,423.6"
2017-04-28,"1,415.6"
2017-04-27,"1,440.3"
2017-04-26,"1,399.3"
2017-04-25,"1,370.3"
2017-04-24,"1,345.0"
2017-04-23,"1,355.2"
2017-04-22,"1,347.5"
2017-04-21,"1,325.6"
2017-04-20,"1,308.4"
2017-04-19,"1,260.5"
2017-04-18,"1,265.4"
2017-04-17,"1,240.0"
2017-04-16,"1,212.0"
2017-04-15,"1,193.3"
2017-04-14,"1,206.8"
2017-04-13,"1,187.0"
2017-04-12,"1,227.4"
2017-04-11,"1,235.6"
2017-04-10,"1,220.3"
2017-04-09,"1,215.9"
2017-04-08,"1,188.1"
2017-04-07,"1,196.6"
2017-04-06,"1,191.5"
2017-04-05,"1,140.6"
2017-04-04,"1,145.0"
2017-04-03,"1,150.2"
2017-04-02,"1,107.6"
2017-04-01,"1,093.2"
2017-03-31,"1,081.7"
2017-03-30,"1,041.0"
2017-03-29,"1,041.8"
2017-03-28,"1,044.7"
2017-03-27,"1,042.7"
2017-03-26,969.0
2017-03-25,972.2
2017-03-24,943.1
2017-03-23,"1,033.0"
2017-03-22,"1,039.1"
2017-03-21,"1,115.0"
2017-03-20,"1,039.0"
2017-03-19,"1,016.1"
2017-03-18,971.0
2017-03-17,"1,068.4"
2017-03-16,"1,169.0"
2017-03-15,"1,256.1"
2017-03-14,"1,245.0"
2017-03-13,"1,238.5"
2017-03-12,"1,225.2"
2017-03-11,"1,172.8"
2017-03-10,"1,113.6"
2017-03-09,"1,190.4"
2017-03-08,"1,149.3"
2017-03-07,"1,232.4"
2017-03-06,"1,279.3"
2017-03-05,"1,278.4"
2017-03-04,"1,267.8"
2017-03-03,"1,288.2"
2017-03-02,"1,262.3"
2017-03-01,"1,232.8"
2017-02-28,"1,189.1"
2017-02-27,"1,195.5"
2017-02-26,"1,178.3"
2017-02-25,"1,153.0"
2017-02-24,"1,185.1"
2017-02-23,"1,190.9"
2017-02-22,"1,125.3"
2017-02-21,"1,129.6"
2017-02-20,"1,091.2"
2017-02-19,"1,056.2"
2017-02-18,"1,059.8"
2017-02-17,"1,056.2"
2017-02-16,"1,038.4"
2017-02-15,"1,013.8"
2017-02-14,"1,013.7"
2017-02-13,996.5
2017-02-12,996.0
2017-02-11,"1,000.3"
2017-02-10,992.0
2017-02-09,985.0
2017-02-08,"1,048.8"
2017-02-07,"1,052.1"
2017-02-06,"1,022.6"
2017-02-05,"1,006.6"
2017-02-04,"1,031.1"
2017-02-03,"1,015.7"
2017-02-02,"1,005.7"
2017-02-01,983.7
2017-01-31,966.2
2017-01-30,917.4
2017-01-29,912.6
2017-01-28,919.4
2017-01-27,916.7
2017-01-26,915.1
2017-01-25,893.3
2017-01-24,886.1
2017-01-23,910.0
2017-01-22,923.7
2017-01-21,924.0
2017-01-20,896.0
2017-01-19,900.3
2017-01-18,887.8
2017-01-17,904.0
2017-01-16,830.1
2017-01-15,820.7
2017-01-14,815.3
2017-01-13,828.1
2017-01-12,804.6
2017-01-11,778.6
2017-01-10,905.8
2017-01-09,903.0
2017-01-08,915.9
2017-01-07,908.8
2017-01-06,898.0
2017-01-05,"1,003.2"
2017-01-04,"1,139.6"
2017-01-03,"1,037.5"
2017-01-02,"1,019.3"
2017-01-01,999.0
2016-12-31,966.6
2016-12-30,959.3
2016-12-29,972.6
2016-12-28,981.7
2016-12-27,936.3
2016-12-26,906.4
2016-12-25,898.0
2016-12-24,895.2
2016-12-23,919.0
2016-12-22,859.2
2016-12-21,830.0
2016-12-20,798.0
2016-12-19,790.6
2016-12-18,790.2
2016-12-17,791.0
2016-12-16,784.2
2016-12-15,777.4
2016-12-14,774.5
2016-12-13,775.0
2016-12-12,778.0
2016-12-11,770.2
2016-12-10,772.9
2016-12-09,770.5
2016-12-08,765.0
2016-12-07,765.0
2016-12-06,757.4
2016-12-05,750.6
2016-12-04,768.5
2016-12-03,765.3
2016-12-02,774.9
2016-12-01,755.4
2016-11-30,739.0
2016-11-29,731.0
2016-11-28,731.5
2016-11-27,725.0
2016-11-26,731.2
2016-11-25,740.4
2016-11-24,737.7
2016-11-23,742.0
2016-11-22,750.0
2016-11-21,739.0
2016-11-20,729.7
2016-11-19,752.9
2016-11-18,754.0
2016-11-17,740.7
2016-11-16,745.0
2016-11-15,712.2
2016-11-14,707.4
2016-11-13,708.1
2016-11-12,703.8
2016-11-11,714.8
2016-11-10,714.9
2016-11-09,723.8
2016-11-08,714.0
2016-11-07,707.8
2016-11-06,713.0
2016-11-05,708.4
2016-11-04,708.4
2016-11-03,690.1
2016-11-02,737.9
2016-11-01,734.2
2016-10-31,704.1
2016-10-30,702.5
2016-10-29,714.5
2016-10-28,693.5
2016-10-27,688.7
2016-10-26,678.7
2016-10-25,659.5
2016-10-24,654.7
2016-10-23,659.0
2016-10-22,665.0
2016-10-21,636.7
2016-10-20,632.5
2016-10-19,631.8
2016-10-18,638.8
2016-10-17,639.8
2016-10-16,644.2
2016-10-15,640.2
2016-10-14,643.0
2016-10-13,637.0
2016-10-12,637.6
2016-10-11,641.7
2016-10-10,618.9
2016-10-09,616.6
2016-10-08,620.5
2016-10-07,620.1
2016-10-06,613.5
2016-10-05,614.1
2016-10-04,611.0
2016-10-03,612.6
2016-10-02,609.1
2016-10-01,614.1
2016-09-30,611.1
2016-09-29,604.6
2016-09-28,603.8
2016-09-27,605.5
2016-09-26,609.1
2016-09-25,600.4
2016-09-24,602.5
2016-09-23,603.3
2016-09-22,597.1
2016-09-21,597.4
2016-09-20,600.0
2016-09-19,609.8
2016-09-18,613.0
2016-09-17,607.7
2016-09-16,610.0
2016-09-15,611.8
2016-09-14,613.9
2016-09-13,614.2
2016-09-12,611.6
2016-09-11,612.1
2016-09-10,628.0
2016-09-09,626.3
2016-09-08,631.7
2016-09-07,619.8
2016-09-06,615.2
2016-09-05,611.5
2016-09-04,614.5
2016-09-03,609.9
2016-09-02,579.8
2016-09-01,572.7
2016-08-31,576.2
2016-08-30,579.5
2016-08-29,574.8
2016-08-28,574.2
2016-08-27,568.5
2016-08-26,578.0
2016-08-25,577.2
2016-08-24,580.3
2016-08-23,583.5
2016-08-22,588.0
2016-08-21,581.4
2016-08-20,582.0
2016-08-19,573.5
2016-08-18,572.2
2016-08-17,571.8
2016-08-16,574.2
2016-08-15,564.6
2016-08-14,569.4
2016-08-13,583.7
2016-08-12,585.5
2016-08-11,591.3
2016-08-10,590.3
2016-08-09,604.1
2016-08-08,604.1
2016-08-07,604.1
2016-08-06,604.1
2016-08-05,604.1
2016-08-04,604.1
2016-08-03,604.1
2016-08-02,604.0
2016-08-01,608.0
2016-07-31,623.7
2016-07-30,655.0
2016-07-29,658.3
2016-07-27,654.5
2016-07-26,648.5
2016-07-25,654.2
2016-07-24,661.8
2016-07-23,654.0
2016-07-22,648.0
2016-07-21,665.0
2016-07-20,665.8
2016-07-19,675.0
2016-07-18,674.3
2016-07-17,683.2
2016-07-16,665.3
2016-07-15,665.5
2016-07-14,659.8
2016-07-13,653.7
2016-07-12,667.2
2016-07-11,648.0
2016-07-10,649.7
2016-07-09,648.1
2016-07-08,664.8
2016-07-07,640.5
2016-07-06,677.0
2016-07-05,667.8
2016-07-04,681.3
2016-07-03,659.3
2016-07-02,705.0
2016-07-01,674.8
2016-06-30,674.7
2016-06-29,639.7
2016-06-28,646.3
2016-06-27,662.2
2016-06-26,627.4
2016-06-25,664.9
2016-06-24,666.0
2016-06-23,625.8
2016-06-22,606.0
2016-06-21,668.9
2016-06-20,743.9
2016-06-19,767.3
2016-06-18,757.6
2016-06-17,748.7
2016-06-16,769.5
2016-06-15,696.9
2016-06-14,684.5
2016-06-13,705.9
2016-06-12,671.0
2016-06-11,614.5
2016-06-10,580.1
2016-06-09,575.5
2016-06-08,583.0
2016-06-07,576.9
2016-06-06,585.2
2016-06-05,574.0
2016-06-04,572.7
2016-06-03,570.9
2016-06-02,538.8
2016-06-01,536.8
2016-05-31,530.7
2016-05-30,532.9
2016-05-29,531.0
2016-05-28,527.0
2016-05-27,472.0
2016-05-26,454.0
2016-05-25,449.1
2016-05-24,445.0
2016-05-23,443.7
2016-05-22,437.5
2016-05-21,440.8
2016-05-20,441.6
2016-05-19,435.0
2016-05-18,453.5
2016-05-17,453.2
2016-05-16,453.0
2016-05-15,457.9
2016-05-14,455.8
2016-05-13,455.8
2016-05-12,455.0
2016-05-11,452.3
2016-05-10,450.7
2016-05-09,461.6
2016-05-08,459.9
2016-05-07,460.2
2016-05-06,461.2
2016-05-05,448.4
2016-05-04,447.4
2016-05-03,450.4
2016-05-02,443.7
2016-05-01,451.1
2016-04-30,446.6
2016-04-29,455.3
2016-04-28,450.5
2016-04-27,445.1
2016-04-26,468.1
2016-04-25,461.8
2016-04-24,463.0
2016-04-23,453.7
2016-04-22,447.8
2016-04-21,452.0
2016-04-20,444.0
2016-04-19,437.8
2016-04-18,430.0
2016-04-17,428.5
2016-04-16,432.0
2016-04-15,431.5
2016-04-14,426.0
2016-04-13,424.8
2016-04-12,426.6
2016-04-11,423.7
2016-04-10,421.3
2016-04-09,418.5
2016-04-08,418.5
2016-04-07,422.3
2016-04-06,422.6
2016-04-05,423.8
2016-04-04,420.5
2016-04-03,420.6
2016-04-02,420.3
2016-04-01,417.6
2016-03-31,416.0
2016-03-30,413.2
2016-03-29,415.8
2016-03-28,424.1
2016-03-27,427.4
2016-03-26,416.7
2016-03-25,416.0
2016-03-24,415.3
2016-03-23,418.1
2016-03-22,417.7
2016-03-21,411.9
2016-03-20,411.3
2016-03-19,408.4
2016-03-18,407.7
2016-03-17,418.8
2016-03-16,417.3
2016-03-15,415.5
2016-03-14,416.0
2016-03-13,411.8
2016-03-12,410.0
2016-03-11,420.5
2016-03-10,416.5
2016-03-09,412.9
2016-03-08,411.4
2016-03-07,412.7
2016-03-06,403.9
2016-03-05,397.4
2016-03-04,408.8
2016-03-03,420.6
2016-03-02,422.2
2016-03-01,434.8
2016-02-29,439.2
2016-02-28,434.5
2016-02-27,434.2
2016-02-26,435.3
2016-02-25,424.9
2016-02-24,426.4
2016-02-23,421.1
2016-02-22,440.3
2016-02-21,440.5
2016-02-20,438.7
2016-02-19,420.0
2016-02-18,421.5
2016-02-17,414.9
2016-02-16,407.3
2016-02-15,399.9
2016-02-14,408.3
2016-02-13,393.0
2016-02-12,383.0
2016-02-11,378.0
2016-02-10,380.9
2016-02-09,374.0
2016-02-08,370.5
2016-02-07,372.0
2016-02-06,373.8
2016-02-05,386.5
2016-02-04,389.8
2016-02-03,369.0
2016-02-02,372.9
2016-02-01,371.4
2016-01-31,365.5
2016-01-30,377.0
2016-01-29,377.6
2016-01-28,378.4
2016-01-27,395.0
2016-01-26,391.3
2016-01-25,391.0
2016-01-24,402.8
2016-01-23,385.6
2016-01-22,381.0
2016-01-21,411.0
2016-01-20,419.4
2016-01-19,379.0
2016-01-18,387.0
2016-01-17,382.1
2016-01-16,388.4
2016-01-15,358.9
2016-01-14,429.3
2016-01-13,431.1
2016-01-12,432.0
2016-01-11,449.3
2016-01-10,449.4
2016-01-09,449.2
2016-01-08,454.0
2016-01-07,459.0
2016-01-06,428.0
2016-01-05,431.8
2016-01-04,432.9
2016-01-03,428.7
2016-01-02,432.7
2016-01-01,434.0
2015-12-31,429.0
2015-12-30,424.7
2015-12-29,431.9
2015-12-28,420.2
2015-12-27,422.4
2015-12-26,416.5
2015-12-25,455.5
2015-12-24,456.1
2015-12-23,442.6
2015-12-22,435.6
2015-12-21,437.9
2015-12-20,442.6
2015-12-19,462.5
2015-12-18,463.5
2015-12-17,455.8
2015-12-16,455.0
2015-12-15,466.5
2015-12-14,442.6
2015-12-13,433.0
2015-12-12,435.7
2015-12-11,456.3
2015-12-10,414.9
2015-12-09,418.7
2015-12-08,420.8
2015-12-07,396.7
2015-12-06,390.6
2015-12-05,390.0
2015-12-04,363.2
2015-12-03,360.7
2015-12-02,359.1
2015-12-01,362.7
2015-11-30,376.9
2015-11-29,373.3
2015-11-28,358.7
2015-11-27,358.9
2015-11-26,354.0
2015-11-25,329.9
2015-11-24,320.1
2015-11-23,323.6
2015-11-22,324.7
2015-11-21,327.5
2015-11-20,322.2
2015-11-19,326.5
2015-11-18,336.0
2015-11-17,336.3
2015-11-16,332.1
2015-11-15,321.1
2015-11-14,333.4
2015-11-13,338.5
2015-11-12,336.6
2015-11-11,314.0
2015-11-10,340.2
2015-11-09,381.0
2015-11-08,374.0
2015-11-07,384.6
2015-11-06,375.6
2015-11-05,388.0
2015-11-04,409.2
2015-11-03,405.3
2015-11-02,365.0
2015-11-01,330.7
2015-10-31,316.0
2015-10-30,328.2
2015-10-29,314.9
2015-10-28,304.5
2015-10-27,295.2
2015-10-26,287.2
2015-10-25,284.8
2015-10-24,284.2
2015-10-23,279.2
2015-10-22,275.8
2015-10-21,267.8
2015-10-20,271.0
2015-10-19,265.0
2015-10-18,265.0
2015-10-17,272.9
2015-10-16,263.5
2015-10-15,255.2
2015-10-14,253.5
2015-10-13,251.3
2015-10-12,246.1
2015-10-11,247.9
2015-10-10,246.0
2015-10-09,244.8
2015-10-08,243.0
2015-10-07,244.2
2015-10-06,247.4
2015-10-05,242.0
2015-10-04,239.5
2015-10-03,239.8
2015-10-02,237.9
2015-10-01,238.5
2015-09-30,236.5
2015-09-29,236.8
2015-09-28,240.4
2015-09-27,233.4
2015-09-26,234.6
2015-09-25,235.3
2015-09-24,234.6
2015-09-23,230.5
2015-09-22,231.3
2015-09-21,227.2
2015-09-20,232.1
2015-09-19,232.1
2015-09-18,233.8
2015-09-17,233.6
2015-09-16,229.0
2015-09-15,230.9
2015-09-14,230.9
2015-09-13,231.0
2015-09-12,235.8
2015-09-11,240.6
2015-09-10,239.5
2015-09-09,238.9
2015-09-08,244.2
2015-09-07,240.9
2015-09-06,241.0
2015-09-05,235.8
2015-09-04,230.9
2015-09-03,227.3
2015-09-02,229.7
2015-09-01,228.2
2015-08-31,231.4
2015-08-30,230.0
2015-08-29,230.8
2015-08-28,231.8
2015-08-27,225.8
2015-08-26,226.2
2015-08-25,222.7
2015-08-24,210.5
2015-08-23,228.5
2015-08-22,230.3
2015-08-21,232.2
2015-08-20,235.5
2015-08-19,226.2
2015-08-18,183.0
2015-08-17,258.5
2015-08-16,259.9
2015-08-15,262.1
2015-08-14,266.1
2015-08-13,264.5
2015-08-12,267.1
2015-08-11,272.0
2015-08-10,265.1
2015-08-09,265.6
2015-08-08,261.3
2015-08-07,280.1
2015-08-06,279.1
2015-08-05,282.6
2015-08-04,285.5
2015-08-03,281.3
2015-08-02,282.5
2015-08-01,280.3
2015-07-31,284.5
2015-07-30,288.2
2015-07-29,289.9
2015-07-28,295.2
2015-07-27,294.8
2015-07-26,293.0
2015-07-25,289.4
2015-07-24,288.6
2015-07-23,276.5
2015-07-22,278.0
2015-07-21,275.8
2015-07-20,280.3
2015-07-19,275.0
2015-07-18,277.3
2015-07-17,279.9
2015-07-16,278.9
2015-07-15,285.4
2015-07-14,286.9
2015-07-13,292.6
2015-07-12,311.1
2015-07-10,286.7
2015-07-09,269.2
2015-07-08,270.8
2015-07-07,265.5
2015-07-06,274.8
2015-07-05,265.2
2015-07-04,260.6
2015-07-03,256.0
2015-07-02,254.5
2015-07-01,258.1
2015-06-30,262.9
2015-06-29,256.7
2015-06-28,248.7
2015-06-27,251.6
2015-06-26,243.3
2015-06-25,242.1
2015-06-24,239.8
2015-06-23,244.3
2015-06-22,246.7
2015-06-21,244.3
2015-06-20,245.4
2015-06-19,244.6
2015-06-18,249.5
2015-06-17,248.9
2015-06-16,252.1
2015-06-15,237.0
2015-06-14,233.5
2015-06-13,232.9
2015-06-12,229.4
2015-06-11,229.8
2015-06-10,228.6
2015-06-09,229.1
2015-06-08,228.8
2015-06-07,223.3
2015-06-06,225.6
2015-06-05,224.5
2015-06-04,223.2
2015-06-03,225.1
2015-06-02,224.7
2015-06-01,222.0
2015-05-31,228.7
2015-05-30,232.5
2015-05-29,236.5
2015-05-28,236.9
2015-05-27,236.9
2015-05-26,237.4
2015-05-25,237.1
2015-05-24,240.9
2015-05-23,238.8
2015-05-22,241.0
2015-05-21,235.3
2015-05-20,234.2
2015-05-19,231.7
2015-05-18,232.8
2015-05-17,236.2
2015-05-16,235.7
2015-05-15,237.3
2015-05-14,236.7
2015-05-13,235.8
2015-05-12,241.8
2015-05-11,242.5
2015-05-10,240.6
2015-05-09,242.5
2015-05-08,244.5
2015-05-07,237.3
2015-05-06,229.3
2015-05-05,235.9
2015-05-04,238.5
2015-05-03,240.7
2015-05-02,234.8
2015-05-01,231.8
2015-04-30,236.1
2015-04-29,225.2
2015-04-28,225.3
2015-04-27,227.7
2015-04-26,219.7
2015-04-25,226.1
2015-04-24,231.4
2015-04-23,236.0
2015-04-22,234.1
2015-04-21,235.8
2015-04-20,224.2
2015-04-19,222.2
2015-04-18,223.1
2015-04-17,222.4
2015-04-16,228.5
2015-04-15,224.0
2015-04-14,220.2
2015-04-13,225.0
2015-04-12,236.4
2015-04-11,236.9
2015-04-10,236.1
2015-04-09,243.6
2015-04-08,244.9
2015-04-07,253.7
2015-04-06,255.6
2015-04-05,260.5
2015-04-04,253.6
2015-04-03,254.2
2015-04-02,253.2
2015-04-01,246.9
2015-03-31,244.3
2015-03-30,247.9
2015-03-29,242.4
2015-03-28,252.9
2015-03-27,246.5
2015-03-26,249.2
2015-03-25,245.9
2015-03-24,246.0
2015-03-23,267.2
2015-03-22,268.8
2015-03-21,260.5
2015-03-20,262.2
2015-03-19,261.9
2015-03-18,257.3
2015-03-17,285.3
2015-03-16,291.2
2015-03-15,286.9
2015-03-14,282.6
2015-03-13,283.3
2015-03-12,295.6
2015-03-11,296.7
2015-03-10,292.7
2015-03-09,291.0
2015-03-08,275.6
2015-03-07,277.0
2015-03-06,273.2
2015-03-05,277.7
2015-03-04,273.3
2015-03-03,283.8
2015-03-02,277.3
2015-03-01,262.4
2015-02-28,255.7
2015-02-27,255.0
2015-02-26,236.9
2015-02-25,238.0
2015-02-24,239.7
2015-02-23,239.4
2015-02-22,236.5
2015-02-21,245.6
2015-02-20,244.5
2015-02-19,240.2
2015-02-18,236.3
2015-02-17,244.0
2015-02-16,233.6
2015-02-15,235.9
2015-02-14,257.2
2015-02-13,236.1
2015-02-12,222.4
2015-02-11,219.8
2015-02-10,220.9
2015-02-09,221.1
2015-02-08,224.0
2015-02-07,229.0
2015-02-06,223.2
2015-02-05,216.8
2015-02-04,227.1
2015-02-03,228.6
2015-02-02,237.8
2015-02-01,229.0
2015-01-31,218.4
2015-01-30,229.1
2015-01-29,235.0
2015-01-28,236.1
2015-01-27,263.6
2015-01-26,274.5
2015-01-25,254.5
2015-01-24,240.0
2015-01-23,235.0
2015-01-22,226.3
2015-01-21,225.5
2015-01-20,218.0
2015-01-19,213.2
2015-01-18,209.9
2015-01-17,201.2
2015-01-16,206.7
2015-01-15,217.7
2015-01-14,183.2
2015-01-13,229.8
2015-01-12,267.6
2015-01-11,266.2
2015-01-10,275.0
2015-01-09,292.8
2015-01-08,285.6
2015-01-07,297.0
2015-01-06,285.4
2015-01-05,273.2
2015-01-04,258.8
2015-01-03,282.0
2015-01-02,315.1
2015-01-01,313.9
2014-12-31,317.0
2014-12-30,308.8
2014-12-29,311.9
2014-12-28,317.5
2014-12-27,315.9
2014-12-26,328.5
2014-12-25,319.0
2014-12-24,322.8
2014-12-23,332.9
2014-12-22,329.0
2014-12-21,317.2
2014-12-20,329.1
2014-12-19,315.7
2014-12-18,308.3
2014-12-17,318.2
2014-12-16,330.6
2014-12-15,347.2
2014-12-14,352.7
2014-12-13,350.9
2014-12-12,352.8
2014-12-11,350.0
2014-12-10,346.9
2014-12-09,353.9
2014-12-08,363.3
2014-12-07,374.4
2014-12-06,372.8
2014-12-05,378.4
2014-12-04,370.3
2014-12-03,375.7
2014-12-02,382.0
2014-12-01,377.6
2014-11-30,376.7
2014-11-29,374.5
2014-11-28,375.6
2014-11-27,369.6
2014-11-26,367.9
2014-11-25,375.8
2014-11-24,373.2
2014-11-23,360.6
2014-11-22,346.4
2014-11-21,349.3
2014-11-20,355.9
2014-11-19,379.2
2014-11-18,370.0
2014-11-17,387.6
2014-11-16,388.2
2014-11-15,376.5
2014-11-14,399.1
2014-11-13,419.4
2014-11-12,417.9
2014-11-11,367.0
2014-11-10,368.0
2014-11-09,360.0
2014-11-08,345.0
2014-11-07,341.5
2014-11-06,348.5
2014-11-05,337.5
2014-11-04,326.9
2014-11-03,323.6
2014-11-02,322.5
2014-11-01,327.2
2014-10-31,337.0
2014-10-30,343.9
2014-10-29,333.2
2014-10-28,353.1
2014-10-27,350.6
2014-10-26,350.0
2014-10-25,347.4
2014-10-24,356.1
2014-10-23,356.0
2014-10-22,380.0
2014-10-21,382.8
2014-10-20,381.0
2014-10-19,386.3
2014-10-18,390.0
2014-10-17,380.3
2014-10-16,379.3
2014-10-15,393.5
2014-10-14,397.9
2014-10-13,383.4
2014-10-12,372.0
2014-10-11,361.3
2014-10-10,359.5
2014-10-09,363.5
2014-10-08,350.0
2014-10-07,331.0
2014-10-06,323.8
2014-10-05,322.5
2014-10-04,328.7
2014-10-03,357.7
2014-10-02,371.7
2014-10-01,383.0
2014-09-30,387.1
2014-09-29,369.6
2014-09-28,374.7
2014-09-27,397.3
2014-09-26,403.0
2014-09-25,409.1
2014-09-24,420.4
2014-09-23,429.1
2014-09-22,397.7
2014-09-21,400.7
2014-09-20,411.6
2014-09-19,395.3
2014-09-18,427.2
2014-09-17,456.8
2014-09-16,465.1
2014-09-15,469.9
2014-09-14,476.5
2014-09-13,478.1
2014-09-12,471.8
2014-09-11,477.1
2014-09-10,477.3
2014-09-09,472.7
2014-09-08,470.4
2014-09-07,479.7
2014-09-06,481.3
2014-09-05,477.6
2014-09-04,489.2
2014-09-03,474.0
2014-09-02,476.8
2014-09-01,485.8
2014-08-31,483.4
2014-08-30,499.0
2014-08-29,507.5
2014-08-28,507.8
2014-08-27,511.0
2014-08-26,508.4
2014-08-25,502.5
2014-08-24,507.3
2014-08-23,500.1
2014-08-22,515.6
2014-08-21,515.9
2014-08-20,517.0
2014-08-19,490.3
2014-08-18,478.2
2014-08-17,501.3
2014-08-16,527.2
2014-08-15,506.2
2014-08-14,510.0
2014-08-13,549.0
2014-08-12,566.0
2014-08-11,572.5
2014-08-10,580.0
2014-08-09,583.3
2014-08-08,586.4
2014-08-07,582.3
2014-08-06,577.5
2014-08-05,575.0
2014-08-04,581.1
2014-08-03,582.1
2014-08-02,587.8
2014-08-01,594.9
2014-07-31,579.0
2014-07-30,551.0
2014-07-29,575.0
2014-07-28,586.4
2014-07-27,590.5
2014-07-26,594.0
2014-07-25,598.0
2014-07-24,600.3
2014-07-23,617.2
2014-07-22,612.6
2014-07-21,619.8
2014-07-20,618.9
2014-07-19,625.3
2014-07-18,627.5
2014-07-17,627.6
2014-07-16,621.0
2014-07-15,620.9
2014-07-14,622.4
2014-07-13,624.0
2014-07-12,626.0
2014-07-11,625.5
2014-07-10,610.0
2014-07-09,620.2
2014-07-08,618.5
2014-07-07,624.0
2014-07-06,633.3
2014-07-05,630.0
2014-07-04,632.2
2014-07-03,643.6
2014-07-02,647.9
2014-07-01,650.8
2014-06-30,640.0
2014-06-29,603.7
2014-06-28,600.1
2014-06-27,606.2
2014-06-26,577.9
2014-06-25,568.1
2014-06-24,587.3
2014-06-23,599.3
2014-06-22,607.8
2014-06-21,601.6
2014-06-20,601.0
2014-06-19,602.0
2014-06-18,611.5
2014-06-17,614.3
2014-06-16,580.0
2014-06-15,571.0
2014-06-14,554.4
2014-06-13,582.6
2014-06-12,590.0
2014-06-11,637.1
2014-06-10,653.6
2014-06-09,653.7
2014-06-08,662.3
2014-06-07,663.0
2014-06-06,655.0
2014-06-05,663.3
2014-06-04,652.3
2014-06-03,682.9
2014-06-02,669.5
2014-06-01,646.5
2014-05-31,635.6
2014-05-30,629.0
2014-05-29,573.0
2014-05-28,577.0
2014-05-27,570.0
2014-05-26,575.0
2014-05-25,566.2
2014-05-24,502.3
2014-05-23,509.5
2014-05-22,502.3
2014-05-21,477.6
2014-05-20,476.0
2014-05-19,439.0
2014-05-18,438.8
2014-05-17,442.0
2014-05-16,442.3
2014-05-15,442.0
2014-05-14,444.0
2014-05-13,437.3
2014-05-12,440.0
2014-05-11,432.0
2014-05-10,451.1
2014-05-09,446.0
2014-05-08,442.8
2014-05-07,438.0
2014-05-06,430.0
2014-05-05,427.0
2014-05-04,430.9
2014-05-03,440.5
2014-05-02,453.5
2014-05-01,459.0
2014-04-30,448.3
2014-04-29,434.0
2014-04-28,448.0
2014-04-27,441.5
2014-04-26,459.0
2014-04-25,460.0
2014-04-24,497.5
2014-04-23,490.2
2014-04-22,488.0
2014-04-21,497.0
2014-04-20,512.5
2014-04-19,505.0
2014-04-18,490.5
2014-04-17,500.7
2014-04-16,522.3
2014-04-15,515.0
2014-04-14,459.0
2014-04-13,404.2
2014-04-12,415.0
2014-04-11,416.3
2014-04-10,370.0
2014-04-09,442.5
2014-04-08,448.8
2014-04-07,454.2
2014-04-06,453.7
2014-04-05,460.8
2014-04-04,450.0
2014-04-03,448.8
2014-04-02,443.3
2014-04-01,482.8
2014-03-31,452.0
2014-03-30,464.1
2014-03-29,491.9
2014-03-28,497.4
2014-03-27,498.5
2014-03-26,595.0
2014-03-25,582.0
2014-03-24,590.0
2014-03-23,566.2
2014-03-22,560.0
2014-03-21,568.8
2014-03-20,583.5
2014-03-19,611.0
2014-03-18,618.4
2014-03-17,624.3
2014-03-16,635.0
2014-03-15,641.6
2014-03-14,630.0
2014-03-13,642.0
2014-03-12,650.0
2014-03-11,615.0
2014-03-10,615.0
2014-03-09,621.0
2014-03-08,614.1
2014-03-07,621.0
2014-03-06,663.0
2014-03-05,675.0
2014-03-04,668.0
2014-03-03,658.0
2014-03-02,560.6
2014-03-01,568.2
2014-02-28,565.0
2014-02-27,579.0
2014-02-26,582.0
2014-02-25,515.0
2014-02-24,562.4
2014-02-23,619.0
2014-02-22,595.2
2014-02-21,568.0
2014-02-20,578.9
2014-02-19,630.4
2014-02-18,628.0
2014-02-17,663.8
2014-02-16,608.0
2014-02-15,653.4
2014-02-14,682.0
2014-02-13,634.3
2014-02-12,685.0
2014-02-11,658.9
2014-02-10,706.3
2014-02-09,710.0
2014-02-08,690.0
2014-02-07,720.0
2014-02-06,771.6
2014-02-05,791.0
2014-02-04,813.0
2014-02-03,810.0
2014-02-01,814.6
2014-01-31,800.0
2014-01-30,803.9
2014-01-29,800.0
2014-01-28,795.0
2014-01-27,760.3
2014-01-26,809.7
2014-01-25,810.0
2014-01-24,781.9
2014-01-23,816.2
2014-01-22,807.0
2014-01-21,810.0
2014-01-20,823.4
2014-01-19,830.0
2014-01-18,800.0
2014-01-17,789.0
2014-01-16,824.0
2014-01-15,839.7
2014-01-14,826.9
2014-01-13,818.4
2014-01-12,888.1
2014-01-11,896.9
2014-01-10,834.7
2014-01-09,850.0
2014-01-08,828.5
2014-01-07,791.0
2014-01-06,934.5
2014-01-05,904.0
2014-01-04,801.8
2014-01-03,812.1
2014-01-02,775.0
2014-01-01,740.3
2013-12-31,727.7
2013-12-30,737.2
2013-12-29,714.3
2013-12-28,701.0
2013-12-27,718.9
2013-12-26,740.0
2013-12-24,647.3
2013-12-23,640.4
2013-12-22,622.1
2013-12-21,607.7
2013-12-20,599.0
2013-12-19,702.0
2013-12-18,551.4
2013-12-17,731.9
2013-12-16,704.8
2013-12-15,864.9
2013-12-14,897.9
2013-12-13,912.6
2013-12-12,900.5
2013-12-11,921.8
2013-12-10,"1,023.0"
2013-12-09,935.8
2013-12-08,730.0
2013-12-07,800.6
2013-12-06,872.6
2013-12-05,"1,030.6"
2013-12-04,"1,145.0"
2013-12-03,"1,048.0"
2013-12-02,998.1
2013-12-01,955.0
2013-11-30,"1,112.4"
2013-11-29,"1,107.5"
2013-11-28,"1,010.0"
2013-11-27,948.0
2013-11-26,849.6
2013-11-25,782.8
2013-11-24,813.7
2013-11-23,842.2
2013-11-22,760.0
2013-11-21,700.0
2013-11-20,550.0
2013-11-19,599.0
2013-11-18,585.2
2013-11-17,473.3
2013-11-16,435.3
2013-11-15,400.0
2013-11-14,418.0
2013-11-13,387.7
2013-11-12,350.2
2013-11-11,338.6
2013-11-10,311.9
2013-11-09,336.1
2013-11-08,323.8
2013-11-07,283.3
2013-11-06,253.7
2013-11-05,239.3
2013-11-04,225.2
2013-11-03,207.6
2013-11-02,200.9
2013-11-01,198.5
2013-10-31,198.2
2013-10-30,194.6
2013-10-29,198.2
2013-10-28,187.9
2013-10-27,185.7
2013-10-26,175.9
2013-10-25,178.1
2013-10-24,183.1
2013-10-23,200.6
2013-10-22,183.9
2013-10-21,174.2
2013-10-20,163.1
2013-10-19,159.8
2013-10-18,149.6
2013-10-17,142.7
2013-10-16,137.4
2013-10-15,138.6
2013-10-14,133.0
2013-10-13,130.4
2013-10-12,126.5
2013-10-11,125.5
2013-10-10,125.7
2013-10-09,125.8
2013-10-08,124.3
2013-10-07,123.2
2013-10-06,121.7
2013-10-05,121.1
2013-10-04,121.3
2013-10-03,116.8
2013-10-02,99.8
2013-10-01,125.5
2013-09-30,123.1
2013-09-29,125.2
2013-09-28,124.8
2013-09-27,123.5
2013-09-26,123.5
2013-09-25,123.4
2013-09-24,122.5
2013-09-23,122.2
2013-09-22,122.7
2013-09-21,122.6
2013-09-20,122.9
2013-09-19,124.2
2013-09-18,126.3
2013-09-17,126.0
2013-09-16,125.1
2013-09-15,124.6
2013-09-14,124.1
2013-09-13,126.5
2013-09-12,125.8
2013-09-11,125.4
2013-09-10,121.5
2013-09-09,120.0
2013-09-08,116.6
2013-09-07,119.1
2013-09-06,116.3
2013-09-05,120.5
2013-09-04,120.6
2013-09-03,127.6
2013-09-02,127.4
2013-09-01,128.3
2013-08-31,129.5
2013-08-30,123.2
2013-08-29,117.5
2013-08-28,117.6
2013-08-27,117.4
2013-08-26,112.2
2013-08-25,111.8
2013-08-24,108.7
2013-08-23,107.6
2013-08-22,109.7
2013-08-21,111.4
2013-08-20,105.0
2013-08-19,102.3
2013-08-18,98.8
2013-08-17,99.6
2013-08-16,98.3
2013-08-15,97.5
2013-08-14,98.0
2013-08-13,97.9
2013-08-12,95.1
2013-08-11,94.2
2013-08-10,93.3
2013-08-09,93.4
2013-08-08,94.8
2013-08-07,96.9
2013-08-06,97.1
2013-08-05,96.9
2013-08-04,96.6
2013-08-03,96.7
2013-08-02,97.2
2013-08-01,96.4
2013-07-31,97.9
2013-07-30,96.3
2013-07-29,93.3
2013-07-28,92.1
2013-07-27,89.1
2013-07-26,90.6
2013-07-25,89.4
2013-07-24,87.5
2013-07-23,86.9
2013-07-22,86.1
2013-07-21,85.5
2013-07-20,85.7
2013-07-19,85.8
2013-07-18,85.4
2013-07-17,90.5
2013-07-16,92.7
2013-07-15,93.1
2013-07-14,90.4
2013-07-13,91.4
2013-07-12,88.5
2013-07-11,91.2
2013-07-10,84.5
2013-07-09,74.2
2013-07-08,74.6
2013-07-07,72.5
2013-07-06,66.8
2013-07-05,66.3
2013-07-04,77.7
2013-07-03,76.9
2013-07-02,87.7
2013-07-01,84.6
2013-06-30,97.5
2013-06-29,95.0
2013-06-28,94.7
2013-06-27,101.7
2013-06-26,104.0
2013-06-25,103.3
2013-06-24,102.1
2013-06-23,107.9
2013-06-22,108.2
2013-06-21,109.5
2013-06-20,111.3
2013-06-19,108.3
2013-06-18,107.3
2013-06-17,101.9
2013-06-16,99.9
2013-06-15,99.8
2013-06-14,100.0
2013-06-13,103.9
2013-06-12,108.8
2013-06-11,109.0
2013-06-10,106.3
2013-06-09,100.4
2013-06-08,107.9
2013-06-07,111.0
2013-06-06,119.0
2013-06-05,121.9
2013-06-04,121.4
2013-06-03,120.7
2013-06-02,122.5
2013-06-01,129.3
2013-05-31,128.8
2013-05-30,128.8
2013-05-29,132.3
2013-05-28,129.0
2013-05-27,129.8
2013-05-26,133.5
2013-05-25,132.0
2013-05-24,133.1
2013-05-23,126.3
2013-05-22,123.8
2013-05-21,122.9
2013-05-20,122.0
2013-05-19,122.5
2013-05-18,123.2
2013-05-17,123.5
2013-05-16,118.2
2013-05-15,114.2
2013-05-14,111.4
2013-05-13,118.0
2013-05-12,114.8
2013-05-11,115.6
2013-05-10,117.7
2013-05-09,112.8
2013-05-08,113.2
2013-05-07,109.6
2013-05-06,112.3
2013-05-05,116.0
2013-05-04,112.9
2013-05-03,98.1
2013-05-02,106.3
2013-05-01,116.4
2013-04-30,139.2
2013-04-29,144.0
2013-04-28,134.4
2013-04-27,128.0
2013-04-26,136.9
2013-04-25,141.7
2013-04-24,154.2
2013-04-23,143.5
2013-04-22,127.4
2013-04-21,119.2
2013-04-20,126.6
2013-04-19,118.5
2013-04-18,109.0
2013-04-17,93.1
2013-04-16,68.4
2013-04-15,82.4
2013-04-14,90.0
2013-04-13,93.0
2013-04-12,117.0
2013-04-11,124.9
2013-04-10,165.0
2013-04-09,230.0
2013-04-08,187.5
2013-04-07,162.3
2013-04-06,142.6
2013-04-05,142.3
2013-04-04,132.1
2013-04-03,135.0
2013-04-02,118.0
2013-04-01,104.0
2013-03-31,93.0
2013-03-30,92.2
2013-03-29,90.5
2013-03-28,86.2
2013-03-27,88.9
2013-03-26,78.5
2013-03-25,73.6
2013-03-24,71.5
2013-03-23,64.3
2013-03-22,69.9
2013-03-21,70.8
2013-03-20,64.5
2013-03-19,59.1
2013-03-18,51.6
2013-03-17,47.4
2013-03-16,47.0
2013-03-15,47.0
2013-03-14,47.2
2013-03-13,46.9
2013-03-12,44.3
2013-03-11,48.4
2013-03-10,46.0
2013-03-09,46.8
2013-03-08,44.2
2013-03-07,42.0
2013-03-06,41.0
2013-03-05,40.3
2013-03-04,36.2
2013-03-03,34.5
2013-03-02,34.3
2013-03-01,34.5
2013-02-28,33.4
2013-02-27,30.9
2013-02-26,31.1
2013-02-25,30.4
2013-02-24,29.9
2013-02-23,29.8
2013-02-22,30.3
2013-02-21,29.8
2013-02-20,29.6
2013-02-19,29.4
2013-02-18,27.0
2013-02-17,26.8
2013-02-16,27.2
2013-02-15,27.1
2013-02-14,27.2
2013-02-13,24.2
2013-02-12,25.2
2013-02-11,24.6
2013-02-10,24.0
2013-02-09,23.6
2013-02-08,22.7
2013-02-07,22.1
2013-02-06,21.2
2013-02-05,20.6
2013-02-04,20.4
2013-02-03,20.6
2013-02-02,19.6
2013-02-01,20.5
2013-01-31,20.4
2013-01-30,19.7
2013-01-29,19.5
2013-01-28,18.7
2013-01-27,17.8
2013-01-26,17.9
2013-01-25,17.4
2013-01-24,16.9
2013-01-23,17.5
2013-01-22,17.3
2013-01-21,16.8
2013-01-20,15.7
2013-01-19,15.6
2013-01-18,15.7
2013-01-17,15.5
2013-01-16,14.7
2013-01-15,14.3
2013-01-14,14.3
2013-01-13,14.1
2013-01-12,14.2
2013-01-11,14.1
2013-01-10,14.1
2013-01-09,13.8
2013-01-08,13.7
2013-01-07,13.6
2013-01-06,13.4
2013-01-05,13.4
2013-01-04,13.5
2013-01-03,13.4
2013-01-02,13.3
2013-01-01,13.3
2012-12-31,13.5
2012-12-30,13.4
2012-12-29,13.4
2012-12-28,13.4
2012-12-27,13.4
2012-12-26,13.5
2012-12-25,13.4
2012-12-24,13.4
2012-12-23,13.3
2012-12-22,13.4
2012-12-21,13.5
2012-12-20,13.5
2012-12-19,13.6
2012-12-18,13.3
2012-12-17,13.3
2012-12-16,13.3
2012-12-15,13.5
2012-12-14,13.6
2012-12-13,13.7
2012-12-12,13.7
2012-12-11,13.6
2012-12-10,13.4
2012-12-09,13.4
2012-12-08,13.4
2012-12-07,13.5
2012-12-06,13.3
2012-12-05,13.4
2012-12-04,13.4
2012-12-03,12.7
2012-12-02,12.5
2012-12-01,12.6
2012-11-30,12.6
2012-11-29,12.4
2012-11-28,12.4
2012-11-27,12.2
2012-11-26,12.3
2012-11-25,12.5
2012-11-24,12.4
2012-11-23,12.3
2012-11-22,12.4
2012-11-21,11.8
2012-11-20,11.7
2012-11-19,11.8
2012-11-18,11.6
2012-11-17,11.8
2012-11-16,11.8
2012-11-15,11.2
2012-11-14,10.9
2012-11-13,10.9
2012-11-12,11.0
2012-11-11,10.9
2012-11-10,10.9
2012-11-09,10.8
2012-11-08,10.9
2012-11-07,10.9
2012-11-06,10.9
2012-11-05,10.8
2012-11-04,10.8
2012-11-03,10.6
2012-11-02,10.5
2012-11-01,10.6
2012-10-31,11.2
2012-10-30,10.9
2012-10-29,10.6
2012-10-28,10.7
2012-10-27,10.3
2012-10-26,10.2
2012-10-25,10.9
2012-10-24,11.6
2012-10-23,11.6
2012-10-22,11.7
2012-10-21,11.6
2012-10-20,11.7
2012-10-19,11.7
2012-10-18,11.9
2012-10-17,11.8
2012-10-16,11.9
2012-10-15,11.8
2012-10-14,11.7
2012-10-13,11.9
2012-10-12,12.0
2012-10-11,12.0
2012-10-10,12.1
2012-10-09,11.9
2012-10-08,11.8
2012-10-07,11.8
2012-10-06,12.5
2012-10-05,12.7
2012-10-04,12.9
2012-10-03,12.9
2012-10-02,12.8
2012-10-01,12.4
2012-09-30,12.4
2012-09-29,12.4
2012-09-28,12.4
2012-09-27,12.3
2012-09-26,12.3
2012-09-25,12.2
2012-09-24,12.1
2012-09-23,12.2
2012-09-22,12.2
2012-09-21,12.4
2012-09-20,12.3
2012-09-19,12.6
2012-09-18,12.3
2012-09-17,11.9
2012-09-16,11.9
2012-09-15,11.8
2012-09-14,11.7
2012-09-13,11.4
2012-09-12,11.4
2012-09-11,11.3
2012-09-10,11.2
2012-09-09,11.0
2012-09-08,11.0
2012-09-07,11.0
2012-09-06,11.2
2012-09-05,11.0
2012-09-04,10.4
2012-09-03,10.5
2012-09-02,10.2
2012-09-01,10.0
2012-08-31,10.2
2012-08-30,10.8
2012-08-29,10.9
2012-08-28,10.9
2012-08-27,10.9
2012-08-26,10.6
2012-08-25,10.5
2012-08-24,10.6
2012-08-23,10.1
2012-08-22,9.8
2012-08-21,9.9
2012-08-20,10.1
2012-08-19,8.0
2012-08-18,11.6
2012-08-17,11.6
2012-08-16,13.5
2012-08-15,13.3
2012-08-14,12.2
2012-08-13,12.0
2012-08-12,11.6
2012-08-11,11.5
2012-08-10,11.4
2012-08-09,11.1
2012-08-08,11.1
2012-08-07,11.1
2012-08-06,10.9
2012-08-05,10.9
2012-08-04,11.0
2012-08-03,11.0
2012-08-02,10.5
2012-08-01,9.6
2012-07-31,9.4
2012-07-30,9.1
2012-07-29,8.7
2012-07-28,8.9
2012-07-27,8.9
2012-07-26,8.9
2012-07-25,8.8
2012-07-24,8.6
2012-07-23,8.4
2012-07-22,8.4
2012-07-21,8.9
2012-07-20,8.5
2012-07-19,8.9
2012-07-18,9.1
2012-07-17,8.8
2012-07-16,8.5
2012-07-15,7.6
2012-07-14,7.5
2012-07-13,7.7
2012-07-12,7.8
2012-07-11,7.2
2012-07-10,7.2
2012-07-09,7.0
2012-07-08,6.8
2012-07-07,6.8
2012-07-06,6.7
2012-07-05,6.7
2012-07-04,6.5
2012-07-03,6.4
2012-07-02,6.8
2012-07-01,6.6
2012-06-30,6.7
2012-06-29,6.7
2012-06-28,6.6
2012-06-27,6.7
2012-06-26,6.4
2012-06-25,6.3
2012-06-24,6.3
2012-06-23,6.4
2012-06-22,6.6
2012-06-21,6.7
2012-06-20,6.7
2012-06-19,6.5
2012-06-18,6.3
2012-06-17,6.2
2012-06-16,6.4
2012-06-15,6.5
2012-06-14,5.9
2012-06-13,5.9
2012-06-12,5.7
2012-06-11,5.6
2012-06-10,5.5
2012-06-09,5.6
2012-06-08,5.6
2012-06-07,5.6
2012-06-06,5.5
2012-06-05,5.4
2012-06-04,5.3
2012-06-03,5.2
2012-06-02,5.3
2012-06-01,5.3
2012-05-31,5.2
2012-05-30,5.1
2012-05-29,5.2
2012-05-28,5.1
2012-05-27,5.1
2012-05-26,5.1
2012-05-25,5.2
2012-05-24,5.1
2012-05-23,5.1
2012-05-22,5.1
2012-05-21,5.1
2012-05-20,5.1
2012-05-19,5.1
2012-05-18,5.1
2012-05-17,5.1
2012-05-16,5.1
2012-05-15,5.0
2012-05-14,5.0
2012-05-13,4.9
2012-05-12,4.9
2012-05-11,5.0
2012-05-10,4.8
2012-05-09,5.0
2012-05-08,5.1
2012-05-07,5.1
2012-05-06,5.1
2012-05-05,5.1
2012-05-04,5.1
2012-05-03,5.1
2012-05-02,5.1
2012-05-01,5.0
2012-04-30,4.9
2012-04-29,4.9
2012-04-28,5.0
2012-04-27,5.1
2012-04-26,5.1
2012-04-25,5.1
2012-04-24,5.1
2012-04-23,5.0
2012-04-22,5.2
2012-04-21,5.3
2012-04-20,5.3
2012-04-19,5.1
2012-04-18,5.1
2012-04-17,5.0
2012-04-16,4.9
2012-04-15,5.0
2012-04-14,5.0
2012-04-13,4.9
2012-04-12,4.9
2012-04-11,4.9
2012-04-10,4.8
2012-04-09,4.9
2012-04-08,4.8
2012-04-07,4.7
2012-04-06,4.9
2012-04-05,4.9
2012-04-04,4.9
2012-04-03,4.9
2012-04-02,5.0
2012-04-01,4.8
2012-03-31,4.9
2012-03-30,4.9
2012-03-29,4.8
2012-03-28,4.8
2012-03-27,4.8
2012-03-26,4.6
2012-03-25,4.6
2012-03-24,4.7
2012-03-23,4.7
2012-03-22,4.7
2012-03-21,4.8
2012-03-20,4.8
2012-03-19,4.7
2012-03-18,5.3
2012-03-17,5.2
2012-03-16,5.3
2012-03-15,5.3
2012-03-14,5.4
2012-03-13,5.3
2012-03-12,4.9
2012-03-11,4.9
2012-03-10,4.8
2012-03-09,4.9
2012-03-08,4.9
2012-03-07,4.9
2012-03-06,5.0
2012-03-05,5.0
2012-03-04,4.8
2012-03-03,4.6
2012-03-02,4.7
2012-03-01,4.9
2012-02-29,4.9
2012-02-28,4.9
2012-02-27,5.0
2012-02-26,4.9
2012-02-25,4.8
2012-02-24,5.0
2012-02-23,5.0
2012-02-22,4.4
2012-02-21,4.3
2012-02-20,4.4
2012-02-19,4.4
2012-02-18,4.2
2012-02-17,4.4
2012-02-16,4.3
2012-02-15,4.3
2012-02-14,4.5
2012-02-13,5.3
2012-02-12,5.5
2012-02-11,5.6
2012-02-10,5.9
2012-02-09,5.8
2012-02-08,5.6
2012-02-07,5.7
2012-02-06,5.4
2012-02-05,5.7
2012-02-04,5.9
2012-02-03,6.0
2012-02-02,6.1
